adm0,date,q,cases_asymptomatic_active,cumulative_deaths,daily_cases,daily_cases_reported,daily_deaths,cumulative_cases,cumulative_cases_reported,ICU,VENT,CASE_REPORT,Reff,doubling_t,N,cases_active,hospitalizations,cases_per_100k
AFG,2020-09-09,0.05,898.6272500000001,1420.0079999999996,-2127.7615999999994,-90.47785000000002,0.0,523025.3622499998,38453.51884999999,15.50394999999999,10.243849999999995,0.02918003761730773,1.004236628864634,1060.7390424913233,39633168.62499999,3427.1013500000013,64.59805000000003,8.647053639406057
AFG,2020-09-09,0.25,1548.1950000000008,1420.0079999999996,-1279.7612500000005,-57.15525,0.0,659689.3775000003,38486.834500000004,25.394500000000004,17.965499999999995,0.03977186653350041,1.0046107887567695,1095.637719064862,39633168.63799999,5102.163749999999,101.2605,12.873469180831739
AFG,2020-09-09,0.5,2183.1455000000005,1420.0079999999996,-811.4295000000002,-39.388000000000005,0.0,784755.2295000006,38504.61350000002,33.6375,24.6355,0.04898467687618145,1.0048429954263705,1123.2583190247383,39633168.647,6366.455,128.37049999999994,16.06345194527338
AFG,2020-09-09,0.75,2996.648500000001,1420.0079999999996,-484.77700000000016,-24.365999999999982,0.0,964186.0424999992,38519.63575000003,44.80825,32.96500000000001,0.05810201979149321,1.0051395761028974,1153.2229965500585,39633168.655999996,7869.486000000003,166.74724999999995,19.855808321317895
AFG,2020-09-09,0.95,4341.083949999993,1420.0079999999996,-227.71435000000008,-11.957699999999992,0.0,1294577.6336499983,38532.036100000005,67.6779,52.38525000000001,0.07310228228455458,1.0057766716802305,1197.601837665676,39633168.668999985,10916.64125,242.27290000000005,27.54420506008824
AFG,2020-09-10,0.05,899.3316000000004,1421.108600000001,366.2101,21.427550000000004,1.094849999999999,523403.8843500002,38475.449100000005,15.09569999999999,10.05389999999999,0.02918003760404815,1.004236628615639,1060.7390429505597,39633168.61399998,3234.0292999999974,64.68055000000001,8.159905990604074
AFG,2020-09-10,0.25,1552.1254999999999,1421.7012499999992,486.94825000000003,26.070250000000005,1.6909999999999958,660193.8665,38513.13600000004,24.70325,17.717249999999993,0.03977186653750508,1.0046107895622527,1095.6377188757406,39633168.628,4848.828250000002,98.21425000000002,12.234268462134535
AFG,2020-09-10,0.5,2188.0975,1422.2710000000004,603.6339999999998,29.41049999999998,2.2664999999999944,785350.2390000001,38533.798500000004,32.35050000000001,23.902000000000008,0.048984676870147695,1.004842995376731,1123.25831911059,39633168.63799997,6100.330500000001,123.85599999999998,15.391982800363463
AFG,2020-09-10,0.75,3016.8269999999984,1422.9009999999996,760.3662499999999,32.87524999999998,2.887999999999995,965006.1957500002,38552.405000000006,43.438000000000024,31.992000000000015,0.058102019838383714,1.0051395759123505,1153.2229965511701,39633168.646999985,7530.501750000003,161.17700000000005,19.000503888729625
AFG,2020-09-10,0.95,4363.587349999995,1424.2184999999995,1046.3230499999995,36.95054999999999,4.213049999999994,1295545.8452999988,38567.517100000005,64.73934999999999,50.91010000000001,0.07310228224178636,1.0057766717728125,1197.6018378047982,39633168.664000005,10438.016400000006,232.69845000000007,26.336567960262965
AFG,2020-09-11,0.05,911.7697499999998,1422.2248499999996,410.25395,23.5941,1.101599999999999,523870.9770999998,38498.93400000002,15.105499999999987,10.24925,0.02918003760943201,1.0042366292464717,1060.7390429672093,39633168.613,3022.0063499999997,63.212599999999995,7.624942581574861
AFG,2020-09-11,0.25,1571.7582499999987,1423.3377500000006,534.9685,28.586750000000002,1.627999999999996,660721.8840000001,38541.933500000014,24.262750000000008,17.497249999999994,0.03977186653486838,1.0046107892305736,1095.637718971095,39633168.628000006,4634.103249999998,96.37150000000003,11.69248740492099
AFG,2020-09-11,0.5,2229.0819999999994,1424.3540000000003,649.6630000000001,31.729499999999973,2.066499999999995,785983.2220000003,38565.37699999998,31.798499999999994,23.607499999999995,0.048984676857103025,1.0048445816504157,1123.2583193722032,39633168.63799998,5853.246000000001,122.44699999999997,14.768554221496066
AFG,2020-09-11,0.75,3070.2865000000006,1425.5214999999987,811.2467499999998,34.95825000000002,2.615499999999995,965875.1264999995,38587.20525000003,42.4935,31.582999999999988,0.05810201986281776,1.0051402843987234,1153.2229966654884,39633168.64799998,7284.678500000002,157.70650000000006,18.38025761881043
AFG,2020-09-11,0.95,4423.844249999995,1427.718399999999,1088.3400500000005,38.75400000000001,3.5905499999999946,1296566.0567499988,38606.22970000003,63.07355,49.70305000000001,0.07310228228694308,1.0057788837525679,1197.6018379879076,39633168.66099999,10022.866699999997,227.46240000000014,25.289087495703427
AFG,2020-09-12,0.05,917.7474499999995,1423.34545,431.2000499999998,24.766450000000017,1.059999999999999,524431.5089499997,38523.9538,15.771699999999996,10.209249999999987,0.02918003760914362,1.0042366290562017,1060.7390427531268,39633168.61399999,2888.2890500000003,64.54239999999999,7.287555224589697
AFG,2020-09-12,0.25,1596.246999999999,1424.9482499999995,560.6967499999998,29.983999999999995,1.5342499999999961,661275.9084999998,38571.623750000035,24.208000000000006,17.4545,0.03977186652551965,1.0046107890665419,1095.637718713985,39633168.62899999,4510.910749999998,97.30674999999998,11.381655583044449
AFG,2020-09-12,0.5,2278.3729999999987,1426.2599999999989,675.7815000000003,33.1545,1.9219999999999966,786651.0705000007,38598.04449999999,31.754999999999992,23.510999999999996,0.04898467686347439,1.0048445814609706,1123.2583193928392,39633168.63899997,5706.354000000001,122.60650000000007,14.397925262995033
AFG,2020-09-12,0.75,3132.8519999999994,1427.9245,841.0117499999997,35.97324999999999,2.4439999999999946,966771.6129999993,38622.88900000001,42.36225,31.40449999999999,0.05810201982270986,1.0051402838480819,1153.2230038490081,39633168.64899998,7116.86575,156.27275000000006,17.956842696652696
AFG,2020-09-12,0.95,4497.617799999996,1431.0638000000006,1118.813299999999,39.362800000000014,3.2940999999999954,1297619.0969499992,38645.12114999999,62.42274999999997,49.18599999999996,0.07310228229127766,1.0057788823785103,1197.6018379912591,39633168.66399999,9746.39265,226.2219,24.591504990750195
AFG,2020-09-13,0.05,933.4633,1424.411549999999,444.4,25.143549999999994,1.0187499999999998,525010.2083999994,38551.96720000002,16.108549999999997,10.506299999999989,0.02918003761208309,1.004236628639305,1060.739043013261,39633168.61399999,2799.1845000000008,66.09619999999998,7.062732044621885
AFG,2020-09-13,0.25,1631.3525,1426.3629999999987,570.62475,30.60424999999999,1.4624999999999966,661836.8150000001,38602.423,24.68750000000001,17.674250000000008,0.039771866536369715,1.0046107888261595,1095.6377192765804,39633168.62799998,4387.895500000002,98.16875000000003,11.071270988159268
AFG,2020-09-13,0.5,2321.4185,1428.0999999999985,689.4839999999997,33.785499999999985,1.817999999999996,787335.7615,38631.68149999999,32.179,23.700999999999993,0.048984676864546314,1.0048445815250033,1123.2583190723965,39633168.63799999,5553.053500000002,123.2765,14.011126767885461
AFG,2020-09-13,0.75,3198.02,1430.2202499999987,852.6192499999999,36.890000000000015,2.322249999999995,967679.7355000007,38659.80375,42.70300000000001,32.106249999999996,0.058102019820514765,1.0051402840122319,1153.2230134322026,39633168.64899997,6960.205750000005,156.95,17.561567715266758
AFG,2020-09-13,0.95,4593.810649999995,1434.1736500000015,1123.5009500000008,40.20099999999999,3.119549999999994,1298677.0622499983,38684.9136,62.8949,49.129099999999966,0.07310228226703644,1.0057788836326556,1197.601837200956,39633168.66405001,9452.932450000008,227.38965,23.851064067391768
AFG,2020-09-14,0.05,945.4966999999999,1425.5012999999997,445.7159499999999,25.29875000000001,0.9999000000000007,525570.5702999994,38578.73335000003,16.815599999999993,10.803349999999991,0.029180037607240653,1.0042366291648133,1060.7390425661517,39633168.613,2732.2022500000007,68.10095000000003,6.893726506398523
AFG,2020-09-14,0.25,1651.6194999999989,1427.8532499999988,572.4914999999999,30.6985,1.4119999999999968,662394.1975000001,38633.24125,25.166499999999992,17.874749999999995,0.03977186653602332,1.0046107890246763,1095.6377195293337,39633168.627,4266.195250000002,99.99475000000007,10.764204321260518
AFG,2020-09-14,0.5,2357.9075000000003,1429.888999999999,695.6640000000001,33.91050000000003,1.7769999999999964,788044.5880000006,38665.22349999999,32.62349999999999,24.042999999999992,0.04898467685214429,1.0048445811682618,1123.2583189564805,39633168.635999985,5441.065000000001,125.40950000000001,13.728564198265289
AFG,2020-09-14,0.75,3272.684,1432.4717500000002,856.1324999999998,37.02375000000001,2.2522499999999948,968581.7719999999,38696.476,43.59775,32.57674999999999,0.058102019832643556,1.005140284513585,1153.2230210681898,39633168.64699999,6847.869499999998,158.43700000000007,17.278127724259928
AFG,2020-09-14,0.95,4692.801149999996,1436.9682000000007,1129.0170999999996,40.60579999999999,3.0273999999999943,1299741.969949998,38724.97579999999,63.37929999999999,49.723350000000025,0.07310228221333283,1.0057788825112757,1197.6018380117205,39633168.66105004,9191.328299999997,230.53245,23.191000393145156
AFG,2020-09-15,0.05,953.8905000000001,1426.5299499999983,449.06384999999983,25.193799999999996,0.9829000000000007,526155.4098499999,38604.16584999998,17.232249999999997,11.17525,0.029180037610320415,1.0042366290140492,1060.7390424711418,39633168.61100001,2670.9182500000006,70.57209999999998,6.73909844608967
AFG,2020-09-15,0.25,1686.6512500000001,1429.2997499999985,583.2842499999997,31.012499999999996,1.4109999999999965,662981.2187500002,38664.51700000001,25.633249999999986,18.189749999999997,0.03977186651905576,1.0046107894185783,1095.6377192036603,39633168.625999995,4220.084750000002,102.16600000000003,10.6478611130566
AFG,2020-09-15,0.5,2407.3939999999993,1431.6309999999999,704.5099999999998,34.307500000000005,1.7599999999999965,788706.9190000002,38699.7865,33.292500000000004,24.483999999999995,0.04898467686280459,1.0048445809914528,1123.2583190415994,39633168.63599998,5364.114500000003,127.7355,13.534407377984962
AFG,2020-09-15,0.75,3342.61225,1434.7527499999994,859.9754999999993,37.275500000000015,2.2049999999999943,969454.6884999995,38733.469750000026,44.036500000000004,33.15374999999999,0.058102019874520246,1.0051402843986388,1153.223028347541,39633168.64499998,6751.2085000000025,162.17225000000013,17.034238570404383
AFG,2020-09-15,0.95,4781.000100000002,1439.7934999999995,1127.8862999999994,40.690200000000004,3.0200999999999945,1300806.950249999,38764.51840000001,64.40585000000002,50.064849999999986,0.0731022822387726,1.0057788836570893,1197.6018378991837,39633168.66199998,9062.871250000004,234.57385000000008,22.86688537898668
AFG,2020-09-16,0.05,956.4564999999997,1427.626499999999,456.26619999999974,25.369449999999983,1.0095999999999998,526717.0634499996,38629.786799999965,17.946849999999994,11.70764999999999,0.02918003761885565,1.0042366291477007,1060.739043727194,39633168.61000002,2610.2879000000003,72.55265000000006,6.586119635515053
AFG,2020-09-16,0.25,1701.8977500000003,1430.657999999999,580.6377499999996,30.95049999999999,1.4117499999999967,663567.4434999996,38694.738249999995,26.31675,18.652249999999995,0.03977186653874882,1.0046107886376923,1095.6377188009515,39633168.62600002,4169.034750000001,104.23700000000005,10.519054858674723
AFG,2020-09-16,0.5,2450.3089999999993,1433.4505,703.1559999999996,34.394999999999996,1.7669999999999964,789396.6309999998,38734.352999999996,33.976,24.961999999999996,0.048984676870601075,1.0048445813337041,1123.2583186879372,39633168.635999985,5298.332,131.38400000000004,13.368428975894114
AFG,2020-09-16,0.75,3393.5142500000006,1436.9809999999995,859.6927499999997,37.66175,2.2032499999999944,970288.4485000004,38770.392250000004,44.826249999999995,34.09474999999998,0.058102019845415756,1.005140284524694,1153.2230352636986,39633168.645000026,6650.995999999999,166.79175000000004,16.78138848693609
AFG,2020-09-16,0.95,4851.438299999999,1442.7742499999995,1129.6139499999995,41.096300000000014,3.011249999999994,1301853.17165,38805.14689999998,65.01744999999997,51.57484999999999,0.07310228229771437,1.005778883191774,1197.6018376537427,39633168.66199998,8878.331049999993,237.75120000000004,22.401264773241508
AFG,2020-09-17,0.05,962.3396499999998,1428.7407999999978,449.6769,25.30765000000001,1.040149999999999,527311.1891499998,38656.232949999954,18.49244999999999,12.21974999999999,0.02918003761012411,1.0042366290464906,1060.73904256857,39633168.61199998,2593.5273999999986,74.59194999999998,6.543830561189952
AFG,2020-09-17,0.25,1726.3515000000002,1432.1707499999989,583.0577500000002,30.668499999999987,1.4319999999999968,664148.4357500002,38725.47874999998,26.93674999999999,19.158999999999995,0.03977186654599657,1.0046107893842575,1095.6377195609302,39633168.625999995,4128.206000000002,106.70700000000002,10.416038240484847
AFG,2020-09-17,0.5,2473.765999999999,1435.187499999999,702.0435000000003,34.22699999999999,1.787499999999996,790069.1044999997,38768.28499999999,34.8665,25.423500000000008,0.04898467686141644,1.0048445809029618,1123.2583191846948,39633168.635,5248.3910000000005,134.16950000000003,13.242420883212334
AFG,2020-09-17,0.75,3445.992,1439.1807499999995,856.9895,37.509249999999994,2.206499999999995,971113.344249999,38808.06425000003,45.7855,34.750000000000014,0.05810201984496162,1.005140284703819,1153.2230411118237,39633168.644999996,6571.738499999997,170.1570000000001,16.5814107846486
AFG,2020-09-17,0.95,4903.824299999998,1445.4081499999995,1120.938749999999,41.584149999999994,3.0060999999999947,1302937.8182999988,38845.1866,66.1043,52.515349999999984,0.07310228228995691,1.0057788834468189,1197.601837109391,39633168.66204996,8815.709199999998,240.6446499999999,22.243261131026664
AFG,2020-09-18,0.05,968.97135,1429.8318499999996,452.7640999999998,25.119550000000007,1.0668499999999994,527887.3974999997,38683.21455000001,18.84865,12.343449999999997,0.029180037597364296,1.0042366293843212,1060.7390425589106,39633168.60900004,2571.248200000001,76.36725000000003,6.487617039572538
AFG,2020-09-18,0.25,1741.9507499999995,1433.6685000000007,580.9044999999994,30.620749999999994,1.4469999999999972,664837.8737500003,38756.498250000026,27.570749999999993,19.554249999999985,0.039771866522961455,1.0046107890901228,1095.637718872916,39633168.62399997,4098.885249999999,109.23675000000007,10.342057908329613
AFG,2020-09-18,0.5,2509.267499999999,1437.0530000000008,698.7404999999999,33.974999999999994,1.7984999999999962,790745.6640000001,38802.380999999994,35.2935,26.0685,0.04898467688461631,1.0048445814606592,1123.2583193107625,39633168.63400001,5187.294499999998,137.62650000000002,13.08826591157283
AFG,2020-09-18,0.75,3489.138,1441.3207499999994,854.46975,37.29374999999999,2.2119999999999944,972081.3192500003,38845.87774999998,46.824999999999996,35.51675000000002,0.058102019862713815,1.0051402842075192,1153.2230474188536,39633168.64425003,6510.20875,172.2372500000001,16.426162662985817
AFG,2020-09-18,0.95,4931.686549999999,1448.4958,1117.9068499999996,41.47009999999999,2.9596499999999946,1304002.8942999989,38885.84179999999,67.86454999999995,53.28675000000001,0.07310228228457263,1.005778882853013,1197.6018376113989,39633168.66199996,8685.294150000002,247.03679999999994,21.914205810971172
AFG,2020-09-19,0.05,973.4894500000005,1431.051399999999,445.5397999999999,24.76715000000002,1.0967499999999988,528473.8398499999,38708.3345,19.072499999999984,12.56429999999999,0.029180037608580938,1.0042366292086062,1060.739042543238,39633168.60900002,2556.2840999999985,78.14785,6.449860532774838
AFG,2020-09-19,0.25,1761.6587500000005,1435.2305000000003,582.3562499999998,30.468999999999987,1.4724999999999961,665626.6907499995,38786.876,28.150999999999986,20.00674999999998,0.03977186652195903,1.0046107889657465,1095.6377195884984,39633168.62300001,4066.82725,110.88375000000005,10.261171113227443
AFG,2020-09-19,0.5,2526.3920000000007,1438.955499999999,698.2209999999997,34.042,1.8184999999999967,791431.8435000001,38836.49650000001,35.997,26.589999999999993,0.048984676852522044,1.0048445807402033,1123.2583193123035,39633168.63399997,5150.0075,140.663,12.994185621540186
AFG,2020-09-19,0.75,3519.6695000000004,1443.4739999999995,857.4417499999992,37.75875000000003,2.2254999999999954,973043.6550000004,38883.01174999999,47.54375,35.990249999999996,0.0581024211891922,1.005140284342413,1153.2230542577386,39633168.64425002,6492.3020000000015,175.158,16.380981440760742
AFG,2020-09-19,0.95,4965.312399999999,1451.5372,1124.9583499999997,41.52674999999998,2.9827999999999943,1304997.1478499994,38925.12520000001,69.31439999999999,54.53119999999999,0.07310228224805149,1.0057788831236878,1197.6018376485792,39633168.66199996,8629.657399999996,251.3426999999998,21.773826548150964
AFG,2020-09-20,0.05,986.8100000000001,1432.2267999999992,455.4290500000001,25.178350000000012,1.1256499999999987,529045.2039000001,38736.060249999995,19.125199999999985,12.739749999999992,0.029180037610086036,1.0042366288081919,1060.7390427607802,39633168.60899998,2562.373999999998,79.70870000000004,6.4652261979833945
AFG,2020-09-20,0.25,1773.6867499999992,1436.7357500000003,581.3062500000002,30.652750000000005,1.4982499999999974,666391.8019999999,38817.421749999994,28.713499999999996,20.37824999999999,0.039771866517739625,1.0046107890684213,1095.6377190324358,39633168.62200001,4028.9250000000025,113.09074999999996,10.165538462053682
AFG,2020-09-20,0.5,2549.2175000000007,1440.8899999999999,704.0045,34.12399999999999,1.8524999999999956,792123.1670000008,38870.543499999985,36.56649999999999,27.044999999999995,0.04898467686816485,1.0048445811430167,1123.2583193853125,39633168.63249999,5136.440500000001,142.5995,12.959954192983743
AFG,2020-09-20,0.75,3549.2225,1445.7037499999988,855.7289999999996,37.296250000000015,2.2552499999999958,974033.7329999995,38919.89675000002,48.45700000000001,36.60175000000001,0.058107862170465326,1.0051402843681037,1153.2230598715653,39633168.642999984,6440.528249999999,178.7317500000001,16.250349064980767
AFG,2020-09-20,0.95,5031.041250000001,1454.6526499999998,1117.6186500000006,42.02374999999998,2.992199999999995,1306070.0123499995,38968.354049999994,70.9692,55.52805,0.07310228223963819,1.005778883180276,1198.1006723918629,39633168.65899998,8617.995749999996,253.41749999999985,21.744402583978115
AFG,2020-09-21,0.05,989.9759,1433.4012499999997,455.7193499999999,24.573000000000004,1.1559999999999986,529652.7239999998,38760.621100000026,19.435449999999996,12.85919999999999,0.02918003761861296,1.0042366292895313,1060.7390436180824,39633168.609,2583.6146499999995,81.64390000000002,6.518819313915028
AFG,2020-09-21,0.25,1780.8877500000003,1438.3235000000004,583.41,30.571999999999992,1.526999999999996,667023.9685000004,38848.92025000001,29.287249999999986,20.811749999999993,0.039771866524028525,1.0046107894350715,1095.6377192943435,39633168.62199999,4009.8515000000007,114.85799999999996,10.11741336718198
AFG,2020-09-21,0.5,2567.816999999999,1442.7609999999995,703.3974999999998,34.134,1.8739999999999957,792884.8925000001,38904.762999999984,37.141499999999986,27.388999999999996,0.04898467687196203,1.0048445812568711,1123.2583191615954,39633168.63199997,5110.180500000002,144.69100000000012,12.893696558679952
AFG,2020-09-21,0.75,3567.465250000002,1447.9024999999988,863.3422499999997,37.74349999999998,2.282249999999995,975022.7215000002,38958.56324999998,49.24775000000001,37.31325000000001,0.05810786216837383,1.0051402842087962,1153.2230657308967,39633168.64199997,6434.935000000002,181.42800000000005,16.236236517260917
AFG,2020-09-21,0.95,5076.6242500000035,1457.6702499999985,1113.3241999999993,41.72444999999999,2.971899999999993,1307112.33965,39008.80124999999,72.32389999999995,55.860749999999896,0.07310228224940889,1.005778882995331,1198.100672312094,39633168.659049995,8532.375950000001,259.4085,21.528371913436917
AFG,2020-09-22,0.05,992.36865,1434.6961000000003,451.7169499999998,24.660249999999998,1.1937999999999984,530126.5949999999,38785.57929999999,19.77775,12.9819,0.029180037616167036,1.004236628962091,1060.7390429265588,39633168.607,2577.8816500000003,82.83279999999999,6.504354157403139
AFG,2020-09-22,0.25,1799.2577499999993,1439.9557499999994,585.8125000000002,30.654999999999987,1.5604999999999967,667676.1420000007,38879.82174999999,29.64024999999997,21.041749999999997,0.039771866545078374,1.0046107892892684,1095.6377193534297,39633168.62100002,3993.9092499999992,116.02950000000003,10.077188852076256
AFG,2020-09-22,0.5,2584.8675,1444.6400000000003,703.5415000000004,34.207,1.905499999999996,793602.244,38939.945999999996,37.60349999999998,27.782999999999987,0.0489846768900273,1.0048445810292173,1123.25831932985,39633168.631,5093.022499999998,146.35750000000002,12.850404537214754
AFG,2020-09-22,0.75,3589.5684999999985,1450.1587500000005,853.0627499999996,37.89875000000001,2.3014999999999954,976005.449,38996.640999999996,49.93799999999999,37.705999999999975,0.05810786219390433,1.0051402839805563,1153.2230710801314,39633168.641,6411.8825,184.3474999999999,16.178071852087523
AFG,2020-09-22,0.95,5132.238799999998,1460.493649999999,1115.7027999999993,41.70059999999997,3.008699999999994,1308112.65505,39049.83320000001,73.28310000000005,57.50004999999999,0.07310228220755645,1.005778883190461,1198.1006715778612,39633168.659,8465.7076,261.5525999999999,21.360158388641945
AFG,2020-09-23,0.05,991.3612999999996,1435.9588999999999,451.1493999999999,24.823300000000003,1.2148999999999976,530538.4576999996,38810.879300000015,20.06829999999997,13.156049999999997,0.029180037615404317,1.004236628864368,1060.7390434266654,39633168.60799997,2550.511500000001,83.44615,6.435295459786122
AFG,2020-09-23,0.25,1805.2804999999996,1441.497249999999,587.3522499999997,30.573000000000008,1.6004999999999967,668300.5977500003,38910.362500000025,30.018750000000004,21.34899999999999,0.03977186652156272,1.0046107891180422,1095.6377195001617,39633168.62100001,3994.7102499999983,117.96174999999998,10.079209886547813
AFG,2020-09-23,0.5,2592.0834999999997,1446.5874999999987,702.6989999999998,34.533,1.9219999999999962,794330.6259999999,38974.013000000006,38.1015,28.032999999999987,0.048984676874964155,1.0048445810050195,1123.2583194129663,39633168.631,5090.143999999998,148.3105000000001,12.843141681128731
AFG,2020-09-23,0.75,3606.9217500000004,1452.4069999999995,863.5905,37.860000000000014,2.3234999999999957,977030.111,39034.393999999986,50.808,38.04849999999998,0.05810786217778156,1.0051402843547566,1153.2230767490846,39633168.64099998,6369.509249999996,187.03600000000006,16.071158245497497
AFG,2020-09-23,0.95,5183.556049999996,1463.2889000000005,1116.5365499999996,42.3309,3.014749999999993,1309185.9904500006,39091.37269999997,74.01144999999991,58.47419999999999,0.07310228218368257,1.0057788829546295,1198.1006716841698,39633168.65799998,8437.109550000001,262.08025,21.288001529236713
AFG,2020-09-24,0.05,1005.1207499999998,1437.26875,464.9302499999998,24.454249999999984,1.226999999999998,530998.07295,38835.65060000001,20.228849999999984,13.2687,0.02918003760194257,1.004236628606839,1060.7390427999194,39633168.60899999,2549.4730999999997,83.79930000000003,6.43267543191351
AFG,2020-09-24,0.25,1817.1267499999997,1443.1409999999994,588.4687499999998,30.498249999999985,1.623499999999996,668888.3955000002,38941.48274999999,30.371499999999997,21.591000000000005,0.03977186653112488,1.0046107890016356,1095.6377189530795,39633168.621999964,3991.7462500000006,119.52675000000009,10.071731301807203
AFG,2020-09-24,0.5,2605.933499999999,1448.5954999999997,701.6324999999999,34.20299999999999,1.9464999999999952,794851.9425000006,39009.292999999976,38.551000000000016,28.273999999999983,0.048984676865300926,1.0048445809024837,1123.2583188735593,39633168.631999984,5070.159999999996,150.15950000000004,12.79271926773558
AFG,2020-09-24,0.75,3614.088250000001,1454.6684999999989,856.0742499999998,37.92525,2.352749999999995,978016.5980000003,39072.14050000002,51.495249999999984,38.104,0.05810786219021152,1.0051420472283668,1153.2230821043954,39633168.64200001,6361.128250000002,189.27475000000013,16.050011815757255
AFG,2020-09-24,0.95,5199.606499999999,1466.3111499999982,1109.6666499999997,42.31839999999998,3.0460499999999953,1310176.2156000012,39133.90375000002,74.02255,58.67389999999996,0.07310228227780431,1.0057788828919902,1198.100672930844,39633168.66000001,8325.650450000001,262.03739999999993,21.006774707879234
AFG,2020-09-25,0.05,1005.6703499999999,1438.603050000001,455.4067999999999,24.936950000000003,1.245949999999997,531439.9032,38860.700249999994,20.438499999999987,13.284299999999988,0.029180037620490703,1.0042366294645635,1060.7390426606478,39633168.60499999,2561.0349499999975,84.71509999999996,6.461847589134989
AFG,2020-09-25,0.25,1825.8187499999985,1444.8947499999995,591.6949999999998,30.693750000000016,1.632749999999996,669420.9654999996,38972.161249999976,30.507749999999994,21.704999999999984,0.03977186652988336,1.0046107891220515,1095.6377192460222,39633168.61999996,3986.888,121.01000000000002,10.059473261464413
AFG,2020-09-25,0.5,2613.8055,1450.4959999999994,710.8119999999999,34.54449999999999,1.9714999999999963,795538.8595,39044.39200000002,38.714,28.5915,0.048984676861919554,1.0048445808295108,1123.258318479796,39633168.630999975,5063.553500000002,151.77499999999998,12.776050149165792
AFG,2020-09-25,0.75,3632.4122499999994,1457.0927499999993,860.46975,38.242750000000015,2.3717499999999943,978977.2767499995,39110.548,51.95325,38.52575000000003,0.05810786217986578,1.0051420465045486,1153.2230873732494,39633168.640000015,6339.0652500000015,190.66899999999998,15.994343797185728
AFG,2020-09-25,0.95,5194.987249999998,1469.48255,1122.9684999999988,42.85549999999999,3.074199999999995,1311226.2288999986,39174.463800000005,74.21690000000001,59.46664999999995,0.07310228225692927,1.0057788828953875,1198.1006717158036,39633168.65899997,8241.438649999998,266.7361499999997,20.79429661783683
AFG,2020-09-26,0.05,1005.4935999999999,1439.8551499999985,461.9384500000002,24.713900000000006,1.2518499999999964,531855.1280999999,38885.96490000002,20.554549999999985,13.330099999999993,0.029180037607261348,1.0042366290100542,1060.7390432082861,39633168.603999995,2536.185900000001,85.52059999999996,6.399149977990998
AFG,2020-09-26,0.25,1830.6737499999988,1446.7077499999996,589.6912500000003,30.476750000000003,1.6474999999999955,670004.5202500002,39002.79875,30.681749999999994,21.886749999999992,0.03977186653135992,1.0046107887606388,1095.637718928055,39633168.618999995,3993.547250000001,121.82600000000001,10.076275476206838
AFG,2020-09-26,0.5,2625.7149999999992,1452.3765000000008,709.7280000000003,34.624999999999986,1.9854999999999954,796234.3365,39079.089499999995,39.122000000000014,28.778,0.048984676873803555,1.0048445812584699,1123.2583193532282,39633168.63099996,5073.0779999999995,152.4865000000001,12.800081788141409
AFG,2020-09-26,0.75,3640.594000000001,1459.3477499999988,857.7677500000003,38.42550000000001,2.3862499999999947,979989.9729999994,39149.29400000002,52.24349999999998,38.94099999999999,0.05810786219819648,1.0051429804364551,1153.2230929760444,39633168.63999998,6335.275500000005,191.92624999999995,15.984781730537932
AFG,2020-09-26,0.95,5190.650849999998,1472.435700000001,1131.4669999999999,43.05635000000001,3.086249999999994,1312272.1437499996,39217.7835,74.89529999999998,60.42244999999997,0.07310228225926206,1.0058006709166456,1198.100672008125,39633168.655,8256.524400000006,267.2565499999998,20.832360066568604
AFG,2020-09-27,0.05,1018.9373999999998,1441.2778500000002,455.7089500000001,24.458299999999998,1.2579499999999972,532346.5579999998,38910.48784999997,20.70785000000001,13.472599999999996,0.02918003762113535,1.0042366292570575,1060.739042590575,39633168.60500001,2552.3469499999983,85.99919999999997,6.439926556056386
AFG,2020-09-27,0.25,1826.1652500000005,1448.414499999999,588.6545000000001,30.4515,1.6687499999999964,670526.7715000003,39033.82775000001,30.80325000000001,22.002499999999998,0.039771866518870415,1.0046107892492335,1095.6377190267865,39633168.61899999,3988.8117499999994,122.51400000000004,10.064327150688069
AFG,2020-09-27,0.5,2640.8945000000003,1454.303999999999,710.1094999999995,34.44900000000001,1.9964999999999957,796880.6640000003,39113.44,39.37500000000002,28.95599999999998,0.04898467686552682,1.0048445811190447,1123.2583191614494,39633168.62900001,5062.344000000002,153.60450000000003,12.772998412990455
AFG,2020-09-27,0.75,3651.1654999999982,1461.7490000000005,865.4154999999995,38.22699999999998,2.403499999999995,980941.7904999999,39187.102499999986,52.566250000000004,39.1975,0.05810786220090451,1.005142980316306,1153.3013418469334,39633168.63925,6304.986499999999,193.1622500000001,15.908358368692147
AFG,2020-09-27,0.95,5189.781349999999,1475.6834000000008,1110.7373499999997,42.914149999999985,3.0951499999999945,1313242.362749999,39261.34969999999,75.70199999999997,61.13319999999994,0.07310228222623781,1.0058006704246711,1198.1006723935266,39633168.65899999,8261.975649999993,273.3227499999999,20.846114326828737
AFG,2020-09-28,0.05,1024.0442000000003,1442.6328499999995,462.46754999999985,24.861149999999988,1.2739999999999971,532774.9978000001,38938.15435,20.696800000000014,13.606449999999997,0.029180037602004407,1.0042366287710318,1060.739042720784,39633168.60594995,2554.535700000001,86.80775000000004,6.445449076752596
AFG,2020-09-28,0.25,1843.9309999999996,1450.2492499999998,598.5182499999997,30.62775,1.6819999999999964,670950.6629999998,39064.403750000005,31.041500000000006,22.14100000000001,0.03977186653322019,1.0046107896039955,1095.6377192931388,39633168.61999998,3984.05225,122.89725000000004,10.052318269575697
AFG,2020-09-28,0.5,2640.4604999999992,1456.3399999999992,713.9405000000002,34.73400000000001,2.0144999999999955,797597.2125000004,39149.563,39.7085,29.19249999999999,0.04898467686666267,1.0048445813706819,1123.258319736099,39633168.62999998,5069.527999999998,154.9565,12.791124644428919
AFG,2020-09-28,0.75,3665.4157499999997,1464.0389999999986,863.3509999999992,38.47599999999999,2.4089999999999945,981892.4560000007,39227.07575000001,52.87075000000002,39.375000000000014,0.05810786217517917,1.0051429802521465,1153.3013419083866,39633168.63999997,6309.583,194.33624999999998,15.919955977559718
AFG,2020-09-28,0.95,5189.5501,1478.3732999999982,1124.1893000000005,43.93875000000001,3.090199999999993,1314312.187800001,39304.55454999997,76.57950000000007,62.20734999999997,0.07310228225793994,1.005807487048445,1198.1006718540418,39633168.65699998,8261.954749999995,274.51585,20.846061594272186
AFG,2020-09-29,0.05,1018.9835500000002,1444.04615,463.9468000000002,24.77569999999999,1.2779,533232.8554,38962.80529999998,20.91655,13.659699999999996,0.029180037608832757,1.0042366286718214,1060.7390422841074,39633168.60300003,2558.6920999999998,87.78385000000003,6.455936252864525
AFG,2020-09-29,0.25,1846.3084999999987,1451.894749999999,590.0727499999998,30.724999999999998,1.6899999999999964,671349.87125,39095.15200000002,31.228750000000005,22.278750000000002,0.03982366281050198,1.0046107893710787,1095.637718827732,39633168.61799997,3995.523249999998,123.83449999999996,10.081261199452456
AFG,2020-09-29,0.5,2649.743,1458.3619999999987,714.1790000000001,34.789,2.0289999999999946,798291.9635000002,39183.433999999994,39.83049999999999,29.442000000000007,0.04898467687308363,1.0048445813448406,1123.2583195317286,39633168.629,5066.257499999998,156.4565,12.78287271811259
AFG,2020-09-29,0.75,3671.615000000001,1466.465749999999,866.0085000000001,38.6255,2.4207499999999946,982833.4754999995,39265.813499999975,53.40274999999997,39.656,0.05810786217299296,1.0051429800485323,1153.301341644565,39633168.639,6311.47675,195.64399999999983,15.924734172753864
AFG,2020-09-29,0.95,5212.249450000001,1481.2557000000002,1128.7667499999998,43.491150000000005,3.1135499999999925,1315303.1502000003,39345.49360000002,77.23275000000001,63.17499999999997,0.07310228224971688,1.0058074878870147,1198.1006719375653,39633168.65505002,8296.4357,275.6553999999998,20.933061830631292
AFG,2020-09-30,0.05,1034.0495500000009,1445.3109499999991,458.61150000000004,24.428150000000013,1.2855499999999964,533677.9573500009,38986.9575,20.954249999999995,13.6284,0.029180037605295587,1.0042366296591643,1060.7390417644926,39633168.60294997,2572.8899000000006,88.24000000000004,6.49175927813275
AFG,2020-09-30,0.25,1854.3497499999999,1453.5845000000002,599.544,30.604750000000006,1.7009999999999965,671832.7102500004,39125.06824999998,31.37074999999998,22.42899999999999,0.03995355235301163,1.0046107890173332,1095.6377190399903,39633168.618,4001.8179999999998,124.12299999999999,10.097143729715604
AFG,2020-09-30,0.5,2656.2214999999997,1460.3399999999988,714.3854999999999,34.78249999999999,2.042499999999996,799066.7075000003,39219.242000000006,40.00550000000001,29.53049999999999,0.04898467688011016,1.0048445808785356,1123.258319134262,39633168.628000006,5057.2835000000005,157.37650000000002,12.760230067568042
AFG,2020-09-30,0.75,3680.9352500000005,1468.8577499999988,865.6532499999996,38.750250000000015,2.4317499999999947,983773.0849999998,39304.88375000004,53.54624999999997,39.87825000000001,0.05810786218590518,1.0051429799672307,1153.3013417147492,39633168.63899998,6307.190250000005,197.64399999999998,15.913918736725932
AFG,2020-09-30,0.95,5227.22185,1484.451849999999,1109.71195,43.572050000000004,3.123849999999993,1316323.4280500007,39390.16910000002,77.9842,63.60854999999998,0.07310228224039401,1.0058074875922085,1198.100671609284,39633168.65699999,8239.025300000001,274.8704499999999,20.78820740098667
AFG,2020-10-01,0.05,1038.4642000000006,1446.9354499999984,468.39655000000005,24.39055,1.2948999999999964,534127.7211999998,39012.70095000001,21.01855000000001,13.689449999999999,0.029180037595903673,1.004236629241007,1060.7390425092901,39633168.60395,2558.7349500000005,88.75205000000003,6.456044369223072
AFG,2020-10-01,0.25,1857.6370000000002,1455.318749999999,599.8747500000001,30.668749999999978,1.712499999999996,672437.95225,39156.12474999998,31.485249999999986,22.451499999999996,0.0399768570889615,1.0046107892581169,1095.6377190082565,39633168.618,3998.990249999997,124.86724999999998,10.090008922939852
AFG,2020-10-01,0.5,2661.911000000001,1462.4429999999998,719.4199999999995,35.112500000000004,2.0504999999999964,799797.7825,39254.2225,40.230999999999995,29.674999999999997,0.04898467685745281,1.0048445812460098,1123.2583193654,39633168.628999986,5074.079,158.05349999999999,12.802607451091472
AFG,2020-10-01,0.75,3679.7917500000017,1471.2432500000004,867.3964999999997,38.89075000000001,2.4359999999999946,984659.1295000004,39343.85000000003,53.84975,40.028249999999986,0.05810786217493312,1.0051429799732643,1153.3013419971346,39633168.63999997,6303.147250000002,198.38049999999998,15.903717684683226
AFG,2020-10-01,0.95,5206.279450000003,1487.5327500000003,1137.0042000000005,44.34414999999997,3.148099999999994,1317369.3813999998,39433.77170000002,77.91149999999996,63.48265000000001,0.07310228218320308,1.0058074876105592,1198.1006714232788,39633168.65705,8243.398900000002,276.081,20.79924260240458
AFG,2020-10-02,0.05,1035.3647000000003,1448.20925,463.44680000000017,24.6123,1.2889999999999961,534589.0350499998,39035.73665000001,21.1955,13.775449999999983,0.02918003761261041,1.0042366291505778,1060.7390429346358,39633168.604,2556.86155,89.10074999999998,6.451317520300275
AFG,2020-10-02,0.25,1864.652249999999,1457.0814999999998,603.2929999999999,30.727249999999998,1.713999999999996,673059.5545,39186.318000000036,31.6785,22.625749999999996,0.039976857128998025,1.004610789117669,1095.6377197610827,39633168.618999995,4022.94975,125.38125000000002,10.150462075523816
AFG,2020-10-02,0.5,2678.9365,1464.5064999999997,718.6420000000004,35.01750000000001,2.0549999999999953,800428.8135000003,39287.73450000002,40.30200000000002,29.822499999999998,0.04898467688129645,1.0048445814493623,1123.2657161987065,39633168.62899999,5076.739000000001,158.59349999999995,12.809319001270312
AFG,2020-10-02,0.75,3690.657749999999,1473.7047499999994,871.3044999999998,39.056250000000006,2.445499999999994,985606.1742500004,39383.68025000002,54.066749999999985,40.45275000000001,0.05810786219488751,1.0051429799166793,1153.3013418599064,39633168.63900001,6312.313500000003,199.01850000000005,15.926845409449628
AFG,2020-10-02,0.95,5208.438350000001,1490.5370999999993,1123.4287499999991,44.335599999999985,3.156999999999994,1318327.8395499997,39477.8452,79.04005000000001,64.26209999999996,0.07310228221403967,1.0058074870666838,1198.1006718884953,39633168.658,8219.354849999998,278.88514999999995,20.738576117710718
AFG,2020-10-03,0.05,1049.4483499999997,1449.9252999999983,472.76959999999997,24.15154999999999,1.2925499999999965,535068.2017500001,39059.27974999999,21.153499999999998,13.840499999999993,0.029180037610153368,1.0042366286878468,1060.739042915807,39633168.605,2580.230599999999,89.08525,6.5102808854765275
AFG,2020-10-03,0.25,1874.5092500000014,1458.75825,597.8400000000004,30.713750000000005,1.7269999999999954,673662.0424999994,39216.41275,31.621250000000007,22.677000000000003,0.039976857116206126,1.004610789098426,1095.6377189903242,39633168.61974997,4037.1127499999993,125.45899999999995,10.186197295333656
AFG,2020-10-03,0.5,2684.3680000000004,1466.5834999999997,721.6209999999998,35.02050000000001,2.062999999999995,801043.0174999998,39323.43099999998,40.461,29.94700000000001,0.0489846768744335,1.0048445810553734,1123.3096012330861,39633168.62900001,5078.271499999999,158.94050000000004,12.81318571204063
AFG,2020-10-03,0.75,3685.9297500000016,1476.1947499999997,871.1039999999998,39.12650000000001,2.448249999999995,986559.3942500004,39422.84724999999,54.38125000000002,40.56625000000002,0.058107862182366486,1.0051429801067413,1153.3013409027844,39633168.63899997,6323.06875,199.88649999999996,15.953982401946918
AFG,2020-10-03,0.95,5190.443799999999,1493.486700000001,1124.545949999999,44.57389999999997,3.163399999999993,1319384.6310999999,39520.93900000002,78.99815000000004,64.46859999999998,0.07310228228850395,1.005807487029593,1198.1006727609736,39633168.656,8242.038249999996,280.32959999999997,20.795809493653106
AFG,2020-10-04,0.05,1055.7723500000002,1451.3560499999999,466.1465499999998,24.41095000000001,1.2879499999999968,535505.8825000002,39083.33360000001,21.255000000000003,13.858849999999986,0.029180037624208528,1.0042366289554616,1060.7390429636166,39633168.605000004,2577.518899999999,89.64824999999993,6.503438888998714
AFG,2020-10-04,0.25,1871.9112499999992,1460.6279999999986,606.2682499999999,30.677500000000002,1.7347499999999954,674265.462,39248.28675000001,31.894000000000013,22.781500000000005,0.0399768571126739,1.004610789096732,1095.637719482023,39633168.61999996,4050.448499999999,126.01525000000004,10.219845248396402
AFG,2020-10-04,0.5,2687.24,1468.6589999999992,727.6449999999998,35.331499999999984,2.0704999999999956,801541.8985000004,39357.77900000002,40.69100000000002,30.013,0.04898467687138096,1.0048445811576785,1123.309600986604,39633168.62999998,5097.854999999996,160.01999999999995,12.862597607553436
AFG,2020-10-04,0.75,3695.1045,1478.6157500000004,870.1459999999995,39.177749999999996,2.4554999999999945,987445.6214999998,39461.69800000002,54.43149999999998,40.58899999999997,0.05810786216803232,1.0051429802059417,1153.396146420809,39633168.639999986,6308.0905,200.80249999999992,15.91619019235703
AFG,2020-10-04,0.95,5188.520500000001,1496.2954499999994,1135.0756000000006,45.13229999999999,3.1698499999999927,1320381.3215,39566.44650000001,79.44364999999995,64.38560000000003,0.07310228221081257,1.0058074871977272,1198.4451578592177,39633168.65605001,8232.594550000003,281.73764999999986,20.771981724310848
AFG,2020-10-05,0.05,1057.9675000000004,1452.8708999999994,472.90344999999996,24.424399999999984,1.289549999999997,535993.5835000004,39107.8837,21.297799999999995,13.991999999999992,0.029180037613914887,1.0042366285778268,1060.7390433169178,39633168.60400001,2586.948199999998,89.75170000000003,6.527230325306133
AFG,2020-10-05,0.25,1874.6567499999992,1462.4882500000003,601.5282499999998,30.733750000000008,1.736499999999996,674833.6187499999,39279.65825000002,31.931,22.872750000000003,0.03997685712121928,1.004610789315502,1095.6377196611431,39633168.61699999,4062.178250000001,126.23924999999994,10.24944104079934
AFG,2020-10-05,0.5,2703.6579999999994,1470.8089999999993,723.0935000000001,35.127999999999986,2.0789999999999953,802107.8280000002,39392.639500000034,40.85500000000002,30.097500000000018,0.04898467686585405,1.0048445808628497,1123.3096012331978,39633168.62700002,5099.0085,160.34500000000003,12.865508049554004
AFG,2020-10-05,0.75,3704.6297500000005,1481.1120000000008,869.6669999999998,39.532749999999986,2.467249999999994,988380.4452500003,39502.09474999999,54.65299999999996,40.584,0.0581078621753647,1.0051429800934057,1153.3961468537166,39633168.63900003,6323.746250000003,201.55675,15.955691828730743
AFG,2020-10-05,0.95,5201.746649999994,1499.7121500000007,1139.2015500000002,45.05415000000001,3.194899999999993,1321371.8935500004,39611.53310000002,79.69710000000002,64.8866,0.07310228222611158,1.005807487089099,1198.9899167706137,39633168.65605003,8233.994749999998,283.697,20.77551462376722
AFG,2020-10-06,0.05,1062.8745499999993,1454.1324499999998,474.8966,24.423400000000008,1.284899999999997,536675.8146000002,39134.684799999995,21.36729999999999,14.080249999999992,0.029180037609566757,1.0042366284616273,1060.73904311356,39633168.60500001,2599.548399999998,89.94664999999993,6.559022383267246
AFG,2020-10-06,0.25,1881.9832500000002,1464.3190000000004,606.7500000000001,30.687000000000015,1.7374999999999958,675496.2619999996,39310.89250000002,32.09100000000001,22.900000000000002,0.039976857122444164,1.0046107891726432,1095.6377191021907,39633168.61899997,4062.688,126.53549999999997,10.2507272104718
AFG,2020-10-06,0.5,2705.523000000001,1472.8890000000001,729.3289999999994,35.48799999999999,2.090499999999995,802816.4195000002,39428.41400000001,41.011,30.28049999999999,0.04898467686885697,1.0048445812453366,1123.3096010243496,39633168.62800002,5107.3499999999985,160.64499999999987,12.886554814574579
AFG,2020-10-06,0.75,3693.2035000000014,1483.5044999999998,875.8952499999998,39.58125000000001,2.476749999999995,989276.3484999998,39540.79174999999,54.70399999999999,40.619749999999975,0.05810786216525957,1.0051429807468995,1153.3961471528476,39633168.639,6335.230500000003,201.86949999999985,15.98466818967884
AFG,2020-10-06,0.95,5193.701849999994,1502.60595,1130.4531999999997,45.499,3.208649999999994,1322478.4179000002,39655.0142,79.8313,65.06159999999997,0.07317639907902021,1.005807487342119,1198.9899164081044,39633168.657000005,8239.891199999998,283.6299999999998,20.790392187188065
AFG,2020-10-07,0.05,1073.8082499999998,1455.3944499999996,481.42229999999995,24.024400000000007,1.2868999999999966,537422.5767999999,39158.99135000002,21.43375,14.074799999999993,0.029180037615298315,1.0042366288968907,1060.7390427009477,39633168.60300001,2595.217449999999,90.30740000000003,6.548094794024507
AFG,2020-10-07,0.25,1886.9345000000005,1466.0374999999995,609.3929999999997,30.96850000000001,1.7434999999999958,676094.2672499993,39341.22925000005,32.108000000000004,22.941499999999998,0.039976857118836036,1.0046107891549216,1095.63771967987,39633168.61900003,4086.985,126.80000000000001,10.312031922778717
AFG,2020-10-07,0.5,2716.7319999999995,1475.042499999999,731.8214999999998,35.412000000000006,2.0949999999999944,803480.0935000004,39464.24300000002,41.21150000000001,30.37599999999999,0.04898467687683045,1.0048445808930977,1123.3096013175928,39633168.62900001,5129.7525000000005,160.8275,12.943079439392857
AFG,2020-10-07,0.75,3712.016250000001,1485.9227500000002,878.1429999999996,39.907,2.483249999999994,990177.7952500004,39581.69424999997,55.05424999999997,40.96650000000001,0.05810786218128151,1.0051429802396283,1153.3961469790072,39633168.639,6356.5367499999975,202.2785,16.038426823499073
AFG,2020-10-07,0.95,5229.056499999992,1505.8094999999996,1131.7785499999993,45.7765,3.226799999999993,1323398.8713,39699.815149999995,80.16814999999995,64.60325000000002,0.07317639907848533,1.005807486923695,1198.9899165140625,39633168.657,8280.816399999998,284.6325,20.893652162069667
AFG,2020-10-08,0.05,1082.1246,1456.891899999998,470.2102000000001,24.40835000000001,1.2908999999999964,538219.8630500005,39185.99139999999,21.43395,14.197049999999992,0.029180037612080552,1.0042366293450975,1060.7390432747666,39633168.604,2615.823750000001,90.09859999999998,6.600087356467374
AFG,2020-10-08,0.25,1895.2402500000003,1467.8172500000005,611.5927499999998,30.939749999999997,1.7429999999999963,676719.6412499995,39372.970999999976,32.25075,22.935250000000007,0.03997685711093807,1.0046107887691709,1095.6377193549285,39633168.61799998,4089.53425,127.11999999999998,10.318464035557023
AFG,2020-10-08,0.5,2728.5409999999993,1477.1454999999999,739.5524999999999,35.53500000000003,2.1029999999999953,804206.0605000003,39499.878999999986,41.3485,30.42600000000002,0.04898467686344485,1.0048445810413533,1123.3096012049623,39633168.628000006,5125.0965,161.3095,12.931331703766995
AFG,2020-10-08,0.75,3712.808000000002,1488.4227499999993,878.3057500000002,39.87750000000002,2.4909999999999934,990920.3417499998,39619.070500000016,55.09424999999998,41.20524999999999,0.058125389163966874,1.0051429804480534,1153.3961472286571,39633168.63899996,6369.358,203.17074999999997,16.070776621509903
AFG,2020-10-08,0.95,5172.065100000002,1508.9853999999996,1142.98005,45.963550000000005,3.2625999999999937,1324463.1620999998,39744.380350000014,80.64129999999994,64.99344999999998,0.07317639906013643,1.0058074868540405,1198.9899160078323,39633168.658,8327.1919,285.3660499999999,21.010664001802304
AFG,2020-10-09,0.05,1082.8602499999993,1458.15755,474.9300000000001,24.24650000000002,1.2917999999999963,538991.2858999999,39209.92030000002,21.532199999999982,14.20089999999999,0.029180037615416897,1.0042366287056352,1060.7390434591557,39633168.60300004,2610.633750000002,90.52494999999995,6.586992264359074
AFG,2020-10-09,0.25,1903.3290000000009,1469.48425,611.6155000000003,30.989000000000004,1.7409999999999963,677349.5762499997,39404.24375000002,32.23374999999999,23.000499999999995,0.03997685711234412,1.0046107889586922,1095.6377190308533,39633168.617000006,4111.591750000001,127.53475,10.374118177965718
AFG,2020-10-09,0.5,2730.3150000000005,1479.2614999999998,732.1225,35.335499999999996,2.1039999999999948,804885.0400000005,39535.572000000015,41.5715,30.47200000000001,0.048984676874256526,1.0048445815248128,1123.309601058868,39633168.62799999,5132.1985,161.4015,12.949251038117126
AFG,2020-10-09,0.75,3713.352249999998,1490.9865,882.1945,40.11974999999999,2.5059999999999945,991606.6060000001,39659.391749999995,55.26674999999996,41.20275000000001,0.058125389152827146,1.0051429802257195,1153.3961476042568,39633168.639,6391.38875,203.59150000000014,16.126363269654696
AFG,2020-10-09,0.95,5172.4342,1512.0854500000007,1142.1967999999995,46.320649999999986,3.3054999999999937,1325500.9280000003,39789.450300000026,81.01264999999997,65.30585000000005,0.07317639908253111,1.0058074872137786,1198.9899162319716,39633168.65900001,8352.303750000001,284.49754999999993,21.074024693464263
AFG,2020-10-10,0.05,1093.8753000000006,1459.3947500000015,482.08200000000005,23.916550000000004,1.295799999999996,539700.6255000001,39234.12440000003,21.48779999999999,14.255949999999991,0.029180037613440023,1.0042366289865268,1060.7390426360225,39633168.60299999,2621.357499999999,90.09574999999992,6.614049777997256
AFG,2020-10-10,0.25,1912.9869999999994,1471.3312499999988,614.1187499999999,30.917249999999996,1.7457499999999964,677921.68725,39434.962999999996,32.34775000000001,23.0265,0.039976857120923415,1.0046107890983769,1095.6377193302303,39633168.61799998,4128.790499999999,128.03249999999997,10.417513017429672
AFG,2020-10-10,0.5,2741.546000000002,1481.355000000001,741.6965,35.82300000000001,2.1109999999999944,805581.9949999999,39571.63150000003,41.541999999999994,30.488000000000007,0.048984676855156783,1.0048445815477283,1123.3096020562161,39633168.628999956,5141.031000000001,161.85699999999989,12.971536664465079
AFG,2020-10-10,0.75,3716.279499999998,1493.57525,890.5950000000003,40.4235,2.5119999999999942,992500.9262499998,39699.820500000016,55.27424999999998,41.33774999999999,0.05812538918016856,1.005142979770713,1153.3961470614088,39633168.638,6402.834500000001,204.28674999999998,16.155242490152578
AFG,2020-10-10,0.95,5148.9184,1514.93905,1126.80285,46.785999999999994,3.3163499999999946,1326488.8817499997,39835.7462,81.37140000000004,65.45740000000005,0.07317639906800116,1.0058074874388814,1198.9899163702387,39633168.65599997,8378.904699999997,285.4537000000001,21.141142593784345
AFG,2020-10-11,0.05,1096.7545500000003,1460.6579500000012,476.5084500000001,24.371999999999993,1.2986499999999968,540427.2900999996,39258.280600000035,21.553249999999988,14.245649999999992,0.029180037604738737,1.0042366293140383,1060.7390432795194,39633168.60499997,2645.181700000001,90.29485000000003,6.674161549794166
AFG,2020-10-11,0.25,1922.0135000000002,1473.1495,616.6667500000002,30.943250000000003,1.7472499999999958,678552.4120000002,39466.18175000001,32.40950000000001,23.077499999999993,0.03997685711142437,1.0046107898151653,1095.638568173439,39633168.618999995,4142.77875,128.16649999999993,10.452807318600227
AFG,2020-10-11,0.5,2746.7095,1483.4709999999993,742.449,35.800000000000004,2.1144999999999943,806291.6630000006,39607.28400000002,41.7585,30.621000000000006,0.04898467687553111,1.0048445815996407,1123.309601439916,39633168.62899998,5146.608500000002,162.66199999999986,12.985609473157737
AFG,2020-10-11,0.75,3720.553500000001,1496.0700000000013,889.26875,40.48050000000001,2.515499999999994,993470.5587499996,39739.498999999996,55.43224999999998,41.64475,0.05812538917283247,1.005142979630332,1153.396147491003,39633168.63800003,6413.8020000000015,204.99700000000007,16.182915018938175
AFG,2020-10-11,0.95,5178.071150000002,1517.8570499999996,1156.0704499999995,47.08349999999998,3.3380999999999954,1327574.962399999,39881.13660000001,81.59260000000008,65.1417,0.07317639910337552,1.0058074866971458,1198.9899168710979,39633168.655999996,8406.805899999994,285.10954999999996,21.211541204206245
AFG,2020-10-12,0.05,1100.6309500000002,1462.2143499999995,477.66169999999954,24.251449999999995,1.294949999999996,541120.30425,39282.70955000001,21.542050000000003,14.390499999999992,0.029180037607192493,1.004236629182676,1060.7390431170602,39633168.604999974,2632.32,91.08230000000005,6.641709690776317
AFG,2020-10-12,0.25,1924.3687499999996,1474.9092500000008,620.7744999999996,31.21674999999999,1.7487499999999958,679155.9604999999,39497.098500000015,32.521499999999996,23.149749999999987,0.03997685711742255,1.004610789820329,1095.6411404175083,39633168.617999986,4146.101000000002,128.47899999999998,10.461189817957148
AFG,2020-10-12,0.5,2761.5775000000003,1485.5400000000004,744.0155,35.859,2.1204999999999954,806978.0285,39643.45900000002,41.877999999999986,30.72650000000001,0.0489846768792397,1.0048445813100806,1123.3096017440018,39633168.628000006,5169.5419999999995,163.21149999999994,13.043473885526847
AFG,2020-10-12,0.75,3726.643250000002,1498.4384999999997,883.4265000000003,40.641000000000034,2.5219999999999945,994336.9507499998,39780.153,55.50674999999997,41.78550000000003,0.05812538916171176,1.0051429801318936,1153.396146847865,39633168.63800002,6416.042500000001,205.63600000000008,16.18856811223603
AFG,2020-10-12,0.95,5149.268699999999,1521.0643000000011,1155.5016000000003,47.275250000000014,3.346699999999996,1328555.9547000004,39930.29610000002,81.5912,65.322,0.07317639908874006,1.005807487500184,1198.9899166432965,39633168.655999996,8406.137999999999,286.24669999999986,21.209855999559117
AFG,2020-10-13,0.05,1115.9705000000006,1463.651949999999,475.2224500000001,23.913500000000013,1.2959499999999957,541777.9545500005,39307.42434999998,21.631499999999992,14.309249999999988,0.02918003759170496,1.0042366287583078,1060.7390433212142,39633168.603999995,2662.9231500000005,90.75160000000001,6.718925697329292
AFG,2020-10-13,0.25,1940.1907500000013,1476.786500000001,619.9442499999997,30.85674999999998,1.7507499999999958,679764.2399999998,39529.386750000005,32.57900000000001,23.182000000000006,0.03997685711695621,1.00461078927532,1095.6442334070596,39633168.618749976,4158.615000000001,128.80200000000002,10.492764381277883
AFG,2020-10-13,0.5,2768.889999999999,1487.6594999999993,745.4089999999999,35.901499999999984,2.1244999999999945,807731.2829999999,39678.99299999999,41.87199999999998,30.812500000000007,0.04898467686701554,1.0048445812576416,1123.3096014638681,39633168.62899996,5186.248999999998,163.10049999999995,13.085627971227035
AFG,2020-10-13,0.75,3732.4195,1500.8822499999997,901.64525,40.59499999999997,2.536999999999995,995122.7884999999,39821.917000000016,55.79625,41.855999999999995,0.058125389212117747,1.0051429802833132,1153.3961468675955,39633168.63800003,6438.215249999999,206.3062500000001,16.244513046143577
AFG,2020-10-13,0.95,5173.917500000005,1523.9661500000002,1152.2289499999997,48.16475,3.354699999999995,1329603.5537000005,39979.81404999999,81.54959999999994,65.72335000000001,0.0731763990871744,1.0058074880402725,1198.9899172280157,39633168.65599999,8473.217500000006,288.4483999999999,21.379106913060966
AFG,2020-10-14,0.05,1111.4238500000001,1464.9137000000005,485.7997999999998,24.038299999999985,1.2967999999999962,542535.8272000004,39330.12364999999,21.609949999999994,14.432049999999988,0.029180037607914842,1.0042366286542,1060.7390439310354,39633168.60399999,2670.0752999999995,91.06374999999997,6.736971567119469
AFG,2020-10-14,0.25,1942.0060000000005,1478.5457499999995,624.2070000000002,31.222250000000003,1.7597499999999957,680402.5057500001,39560.77925000003,32.709500000000006,23.224750000000018,0.03997685711848221,1.0046107888337432,1095.6479518950846,39633168.618000016,4168.201999999998,129.23575000000002,10.516953716657781
AFG,2020-10-14,0.5,2784.828499999999,1489.8774999999996,751.092,36.38050000000002,2.1259999999999946,808637.3914999997,39716.30050000001,42.13450000000002,30.836500000000004,0.04898467687491293,1.0048445814988296,1123.3096014625191,39633168.628999986,5181.5025000000005,163.58849999999995,13.073651891180466
AFG,2020-10-14,0.75,3750.1057500000015,1503.37325,894.6112499999995,41.134499999999996,2.547249999999994,995933.5037500004,39862.88525000002,55.927000000000014,41.74750000000002,0.058125389179335914,1.0051429802024094,1153.3961470136444,39633168.63999997,6458.7695,207.11174999999997,16.296374278491214
AFG,2020-10-14,0.95,5189.542950000001,1527.044,1146.5244499999985,48.197500000000005,3.3582499999999933,1330650.9790499997,40029.67355,81.9347999999999,66.01739999999997,0.07317639908079838,1.005807487507748,1198.9899167944006,39633168.658000015,8503.251,289.0215,21.454885612038
AFG,2020-10-15,0.05,1120.49815,1466.0975999999982,482.4387000000001,24.125749999999986,1.2919999999999963,543246.81945,39354.13785000001,21.7186,14.371549999999987,0.029180037620205823,1.0042366292697849,1060.7390431093163,39633168.602999985,2675.1515499999996,91.55135000000007,6.749779652484073
AFG,2020-10-15,0.25,1944.5727499999998,1480.2785,625.0487500000004,31.252000000000017,1.7654999999999959,681036.6422500001,39593.32125,32.67200000000001,23.354500000000005,0.039976857102983765,1.0046107892337857,1095.6536044157285,39633168.61774996,4183.03925,129.54375000000007,10.554390163310334
AFG,2020-10-15,0.5,2792.830000000001,1492.0674999999997,751.0109999999997,36.18599999999999,2.128999999999995,809439.4180000003,39752.74799999999,42.30199999999999,30.936,0.04898467685881493,1.0048445810582594,1123.3096022414416,39633168.628,5205.967999999999,163.96749999999997,13.135381752752648
AFG,2020-10-15,0.75,3753.4914999999996,1505.9982499999992,900.3142499999998,41.207249999999995,2.5572499999999945,996897.7690000008,39904.067749999995,56.27149999999996,41.87825,0.058125389177995486,1.0051429805055359,1153.3961475369292,39633168.63899998,6473.104999999998,207.55125000000004,16.33254474039279
AFG,2020-10-15,0.95,5190.245450000003,1530.2212499999998,1177.4533999999996,48.94515000000001,3.364049999999994,1331623.2251,40076.91070000002,81.77329999999995,66.40790000000001,0.07317639908416756,1.005823970367865,1198.9899161983285,39633168.65699996,8470.632599999999,288.74105,21.372584850098598
AFG,2020-10-16,0.05,1133.6800999999996,1467.5333999999998,485.1798,23.987749999999988,1.2919999999999972,543939.6038499996,39380.01164999998,21.660249999999984,14.482199999999985,0.029180037620252494,1.0042366286757953,1060.7390430586363,39633168.60300001,2691.776799999999,91.81890000000003,6.791727471914135
AFG,2020-10-16,0.25,1957.5362499999987,1482.1454999999994,628.9134999999999,31.156500000000012,1.7672499999999955,681638.42975,39624.517500000016,32.66249999999999,23.378000000000007,0.03997685711884808,1.0046107894509986,1095.6697270894258,39633168.61799998,4201.399000000001,130.078,10.600714367540816
AFG,2020-10-16,0.5,2806.297500000002,1494.2530000000002,755.0839999999998,36.279,2.1319999999999943,810152.5915000001,39789.64850000001,42.31199999999998,31.068500000000004,0.04898467686804955,1.0048445811056304,1123.309601728548,39633168.62800002,5211.218500000004,164.3635000000001,13.148629494938703
AFG,2020-10-16,0.75,3755.5117500000033,1508.5024999999991,905.6367499999999,41.319999999999986,2.5672499999999943,997828.1787499998,39945.92175,56.56974999999997,42.18875,0.05812538916075213,1.005142980119536,1153.396147539241,39633168.638250016,6491.363250000004,208.2425,16.37861284635007
AFG,2020-10-16,0.95,5201.5989500000005,1533.8731999999989,1166.8120000000004,49.23269999999996,3.374049999999993,1332709.3873500007,40125.4638,82.16065000000002,66.37289999999997,0.07317639909204927,1.0058241487634578,1198.9899166893508,39633168.653999984,8492.259749999994,290.59920000000005,21.427153160873782
AFG,2020-10-17,0.05,1128.0879499999996,1468.7670000000003,488.08230000000003,24.11104999999999,1.2976499999999997,544728.2693000003,39406.27145000003,21.66035,14.440299999999997,0.02918003761613926,1.0042366293182579,1060.7390433707594,39633168.603949964,2707.050700000001,91.80179999999997,6.830265647067663
AFG,2020-10-17,0.25,1957.8044999999993,1483.8757499999997,629.7994999999995,31.228999999999996,1.7752499999999956,682308.0659999998,39655.92275000004,32.7995,23.47175000000001,0.03997685712221015,1.0046107888251137,1095.6891097220664,39633168.61800002,4222.407250000001,130.31100000000004,10.653721105918159
AFG,2020-10-17,0.5,2815.7625000000007,1496.3729999999998,755.7034999999998,36.5155,2.135499999999994,810843.0084999995,39826.99200000001,42.4505,31.10600000000001,0.04898467688458916,1.0048445811956976,1123.30960168798,39633168.62899999,5218.652499999998,164.59449999999998,13.167386511159387
AFG,2020-10-17,0.75,3763.791249999999,1511.1747500000001,904.2952499999996,41.43950000000002,2.586749999999994,999298.133750001,39987.71550000001,56.694249999999975,42.152250000000016,0.058125389185826715,1.005142979511044,1153.3961471014452,39633168.63999997,6506.668250000001,209.31149999999997,16.41722949053615
AFG,2020-10-17,0.95,5202.261100000003,1536.9372000000005,1181.9406999999997,49.11509999999999,3.3772499999999934,1333696.1865500002,40174.13130000001,82.2647,66.6387,0.07317639907009521,1.0058241487573474,1198.9899168567893,39633168.65799999,8473.464199999995,289.78024999999974,21.37972937041363
AFG,2020-10-18,0.05,1144.9781500000004,1469.9430999999988,491.38114999999993,24.08155,1.2978499999999966,545463.2316500002,39431.55535,21.613049999999987,14.41969999999999,0.02918003761915214,1.0042366290721019,1060.7390427919486,39633168.60000001,2708.2683,92.32235000000006,6.83333782199791
AFG,2020-10-18,0.25,1981.9247499999992,1485.56675,632.4754999999999,31.231749999999998,1.7784999999999958,683010.6829999997,39688.275,32.869499999999995,23.487250000000007,0.039976857110994836,1.0046107892801053,1095.708990337652,39633168.61799999,4230.179250000001,130.363,10.673330943513818
AFG,2020-10-18,0.5,2810.794,1498.5659999999993,756.1139999999998,36.587,2.1414999999999944,811544.2764999998,39864.049,42.55699999999999,31.2465,0.048984676851434907,1.0048445811826137,1123.3096019050017,39633168.6285,5238.158,164.75150000000008,13.2166016023086
AFG,2020-10-18,0.75,3764.700750000001,1513.5390000000002,904.4394999999997,41.639250000000004,2.589499999999994,1000311.7020000002,40029.82875000002,56.92325000000002,42.14075,0.058125389159207556,1.0051429798837308,1153.3961469775452,39633168.638,6514.340249999999,209.586,16.43658701503391
AFG,2020-10-18,0.95,5216.387699999995,1540.2014999999994,1176.9571,49.60304999999996,3.384799999999996,1334725.5888500002,40223.959899999994,82.77280000000002,66.72964999999998,0.07317639908977962,1.0058241486382835,1198.9899171551376,39633168.65599999,8509.13905,292.30445000000003,21.469741982670914
AFG,2020-10-19,0.05,1152.7066999999997,1471.2477000000003,486.5487,23.844100000000005,1.2977999999999965,546185.4908000006,39455.006849999976,21.56300000000001,14.38259999999999,0.029180037612915197,1.0042366292170957,1060.7390434690894,39633168.60300001,2711.726300000002,92.45445,6.842062836718889
AFG,2020-10-19,0.25,1981.4647499999999,1487.3685000000014,636.16275,31.443749999999994,1.7799999999999954,683614.1154999998,39719.65100000001,32.91125000000001,23.592499999999998,0.03997685711064218,1.0046107894555372,1095.7089903674987,39633168.61899999,4252.93175,130.6435,10.730738667110156
AFG,2020-10-19,0.5,2825.5495,1500.7640000000004,759.9089999999997,36.712500000000006,2.143499999999995,812278.8044999999,39902.770500000035,42.747499999999995,31.365999999999993,0.04898467687196085,1.004844581059032,1123.309601837387,39633168.62899999,5258.949500000001,165.9025,13.269061450090502
AFG,2020-10-19,0.75,3777.1722499999987,1516.0904999999989,914.4704999999996,41.93124999999998,2.6012499999999954,1001227.0792500003,40071.52850000003,57.14549999999996,42.231750000000005,0.05812538916419389,1.0051429798608673,1153.3961472974759,39633168.63900001,6535.496250000002,210.51174999999984,16.489966546779993
AFG,2020-10-19,0.95,5215.30855,1543.8614499999985,1180.4867,50.132500000000014,3.3956499999999945,1335783.5831499987,40271.183499999985,83.26859999999999,66.50835,0.07317639911563227,1.0058241483466501,1198.9899163719506,39633168.65699999,8539.727100000004,292.738,21.54691988900999
AFG,2020-10-20,0.05,1153.2117499999995,1472.554350000001,494.0087499999998,23.903450000000014,1.2986499999999968,546741.6313500003,39479.78175000006,21.56579999999999,14.48869999999999,0.029180037611413197,1.0042366294766125,1060.739043401845,39633168.60399999,2724.9906500000006,92.50149999999995,6.875530637550338
AFG,2020-10-20,0.25,1991.2742500000002,1489.0337500000003,637.967,31.471750000000007,1.7859999999999956,684204.8342499996,39751.48625,33.05399999999999,23.640500000000003,0.0399768571151391,1.0046107890491003,1095.7089902260516,39633168.61799997,4248.984249999999,130.93574999999998,10.720778575524394
AFG,2020-10-20,0.5,2837.1930000000007,1502.9074999999996,767.0784999999996,36.909000000000006,2.1519999999999953,812984.3500000006,39940.02749999999,42.936500000000024,31.551000000000005,0.04899636154058614,1.0048445815873408,1123.3096015746237,39633168.628999986,5272.65,166.86799999999994,13.303629718220282
AFG,2020-10-20,0.75,3786.788750000002,1518.6009999999999,921.9207499999999,42.06525,2.606249999999995,1002200.3642500002,40112.956500000015,57.36424999999998,42.30699999999999,0.058125389166199824,1.005142979846858,1153.3961471747298,39633168.638999976,6546.232000000002,210.63225,16.517054338063584
AFG,2020-10-20,0.95,5268.765199999995,1547.4212499999994,1207.9513499999998,50.79319999999997,3.4047999999999945,1336750.1038499994,40318.95755000001,83.4675,66.63040000000004,0.07317639905620259,1.0058241491885263,1198.9899160037633,39633168.65805,8546.685999999994,292.7720499999999,21.56447816156141
AFG,2020-10-21,0.05,1166.367099999999,1473.983199999999,492.97479999999996,23.715249999999987,1.2948499999999963,547146.0752000001,39504.28965,21.843749999999996,14.576449999999992,0.029180037610297964,1.0042366291132128,1060.7390427313367,39633168.60399999,2745.3792500000004,92.67514999999996,6.926973912761853
AFG,2020-10-21,0.25,2002.6284999999984,1490.9287499999991,638.5409999999999,31.384499999999974,1.790249999999995,684883.3552499996,39782.815500000004,33.11650000000001,23.689749999999986,0.03997685711957977,1.0046107890333038,1095.7446279011967,39633168.61800002,4258.083249999999,131.102,10.743736618792886
AFG,2020-10-21,0.5,2844.774499999999,1505.1500000000012,769.4439999999997,37.024000000000015,2.159499999999995,813703.0004999998,39976.17350000002,43.062,31.629499999999997,0.0489963615349722,1.0048445809034454,1123.3096020090697,39633168.6295,5298.315000000002,167.5035,13.368386084720786
AFG,2020-10-21,0.75,3791.596250000001,1521.229999999999,914.3259999999997,42.272999999999975,2.6129999999999947,1003093.6514999999,40157.13525,57.55825000000001,42.50275000000002,0.058125389171602516,1.0051429803657448,1153.3961468496375,39633168.63999997,6560.837999999997,211.31449999999998,16.553907308280266
AFG,2020-10-21,0.95,5255.537099999999,1550.6409499999986,1175.635649999999,51.29979999999997,3.409999999999994,1337827.3648999992,40370.17504999996,83.84534999999993,66.62739999999997,0.0731763990629239,1.0058241482984296,1198.9899162652134,39633168.656999975,8650.45105,292.75169999999986,21.82629182355866
AFG,2020-10-22,0.05,1169.60785,1475.3537999999996,491.0803000000001,23.889899999999997,1.2988499999999965,547563.9233500005,39527.764050000005,21.882149999999992,14.59539999999999,0.029180037605324085,1.0042366289326699,1060.7390431360018,39633168.605000004,2755.4886499999993,92.92484999999996,6.952481335676944
AFG,2020-10-22,0.25,2011.9075000000003,1492.9192500000001,638.6922499999998,31.546250000000004,1.791749999999996,685496.504,39814.886750000034,33.20724999999999,23.701500000000006,0.03997685711994686,1.0046107888040663,1095.791054638569,39633168.619999975,4293.624000000001,131.18699999999998,10.833410876548793
AFG,2020-10-22,0.5,2848.3239999999987,1507.4414999999995,764.1734999999996,37.122,2.1619999999999946,814471.5245000003,40012.314000000006,43.2355,31.777,0.048996361538756895,1.0048445806776378,1123.3096013563272,39633168.630000025,5305.6,168.04550000000006,13.38676715336852
AFG,2020-10-22,0.75,3809.607500000001,1523.7389999999996,928.0322500000004,42.621000000000016,2.6252499999999936,1004062.7537500005,40201.72700000001,57.9295,42.61349999999998,0.0581253891706342,1.0051429799171456,1153.3961471416615,39633168.63900002,6575.72575,211.70949999999996,16.59147117379185
AFG,2020-10-22,0.95,5255.292349999998,1554.0114999999987,1204.10395,51.7704,3.415049999999993,1338827.1313499985,40420.69409999997,84.27604999999998,67.23570000000002,0.07317639910931244,1.0058411656186481,1198.9899172605642,39633168.65799997,8618.971200000002,294.1928499999998,21.746863780623453
AFG,2020-10-23,0.05,1172.795349999999,1476.9188499999998,493.64819999999986,23.7813,1.2956999999999965,547975.4888500001,39550.132949999985,21.97270000000001,14.668599999999989,0.029180037612935382,1.0042366291393563,1060.7390428200513,39633168.60300003,2753.0643999999984,93.17540000000004,6.946364615903068
AFG,2020-10-23,0.25,2021.7422499999998,1494.7537499999999,648.14175,31.727999999999994,1.7902499999999955,686154.6149999995,39847.309249999984,33.285250000000005,23.74425,0.03997685711361891,1.0046107892158351,1095.7910542103964,39633168.618,4301.92475,131.906,10.854354824524972
AFG,2020-10-23,0.5,2875.523499999998,1509.6429999999991,771.0440000000001,37.2555,2.1699999999999946,815186.7165,40049.2375,43.437000000000005,31.820999999999987,0.04899636153758347,1.0048445811990623,1123.3096019889585,39633168.62800003,5322.976000000001,168.174,13.430609220175816
AFG,2020-10-23,0.75,3822.353249999998,1526.3007499999994,928.6402500000003,42.95400000000002,2.6312499999999934,1005013.6634999997,40244.294749999994,58.10924999999998,42.779,0.058125389183918526,1.0051429804490803,1153.3961472610627,39633168.639000006,6593.366499999998,212.52999999999994,16.635981241005204
AFG,2020-10-23,0.95,5227.4837499999985,1557.1505,1215.6556499999992,52.31494999999995,3.4326499999999935,1339837.594399999,40470.886349999986,84.59214999999998,67.3773,0.07317639909129596,1.0058411653936332,1198.9899162530369,39633168.656,8691.272699999998,295.33480000000003,21.929290527933198
AFG,2020-10-24,0.05,1187.58295,1478.3974,493.9218999999998,24.046900000000008,1.2959999999999967,548391.5859000006,39574.50545000001,21.983699999999985,14.70304999999999,0.02918003761429085,1.0042366296405443,1060.7390420775216,39633168.604,2800.191349999999,93.63150000000002,7.065272469073765
AFG,2020-10-24,0.25,2028.1379999999997,1496.4797500000004,645.4907500000004,31.51375000000001,1.7899999999999956,686721.7412500001,39877.786250000005,33.332499999999996,23.815749999999994,0.039976857119825834,1.0046107889826281,1095.7910543622918,39633168.617999986,4313.0,132.1927500000001,10.882299221569653
AFG,2020-10-24,0.5,2875.0654999999997,1511.9015000000002,774.9614999999997,37.365500000000004,2.177999999999995,817319.9159999999,40087.69799999999,43.658,31.968999999999994,0.04899636152680982,1.0048445811968718,1123.3096015435751,39633168.628999986,5348.452999999997,168.6625,13.494891236343086
AFG,2020-10-24,0.75,3830.3870000000006,1528.7454999999995,929.4980000000003,42.96725000000001,2.6332499999999945,1005919.2120000008,40289.007750000004,58.16799999999998,43.10400000000001,0.058125389173958424,1.0051429799159095,1153.3961471037842,39633168.639000006,6616.250749999999,212.66975000000016,16.69372138842678
AFG,2020-10-24,0.95,5243.954450000004,1560.1737000000003,1214.108349999999,52.933500000000016,3.450049999999994,1340891.4424999992,40519.295150000034,84.88110000000009,67.83704999999999,0.07317639907672446,1.0058411659832511,1198.9899164151925,39633168.65805002,8784.646300000004,296.18110000000013,22.164885113761212
AFG,2020-10-25,0.05,1191.5907000000004,1479.7372500000006,498.70469999999995,23.987250000000003,1.2968999999999966,548809.8063499996,39597.4847,22.0144,14.730549999999988,0.02918003761022859,1.0042366286212259,1060.7390428548622,39633168.60399999,2811.6399500000016,93.64830000000005,7.09415888013616
AFG,2020-10-25,0.25,2040.522500000001,1498.1440000000005,648.244,31.745749999999997,1.7917499999999953,687349.9950000001,39909.72700000003,33.43275000000001,23.794999999999987,0.03997685709963438,1.0046107895102154,1095.7910544465362,39633168.618000016,4330.856499999998,133.10700000000003,10.92735365608157
AFG,2020-10-25,0.5,2885.081500000002,1514.128999999999,777.8984999999998,37.34,2.180999999999994,818209.8555,40125.48350000002,43.7265,32.14149999999999,0.04899636155387044,1.0048445809546376,1123.3096021059027,39633168.62900001,5345.195499999998,169.51749999999998,13.486672110513167
AFG,2020-10-25,0.75,3852.5325000000003,1531.1099999999988,937.8669999999995,43.225249999999996,2.6452499999999937,1006915.34775,40334.33000000001,58.27500000000001,43.19300000000001,0.05812538915691466,1.0051429800808351,1153.3961475084004,39633168.63899998,6633.771499999999,214.25675,16.73792867894042
AFG,2020-10-25,0.95,5227.487449999997,1563.3829499999997,1237.49925,53.03800000000001,3.461099999999992,1341829.4404,40574.53725000001,85.04345000000008,68.12280000000001,0.07317639908906802,1.0058411653925614,1198.9899172960631,39633168.656,8787.068200000003,297.93974999999966,22.17099590564718
AFG,2020-10-26,0.05,1206.4450499999998,1481.0835500000007,491.8577499999999,23.71304999999999,1.3019999999999967,549224.3938000002,39621.265850000025,22.104199999999995,14.705499999999985,0.029180037617529783,1.0042366283707653,1060.7390427582668,39633168.605000004,2855.711950000001,94.1924,7.2053586693034
AFG,2020-10-26,0.25,2050.291750000001,1500.015,650.3454999999997,31.832249999999995,1.7949999999999957,688002.4479999999,39940.958999999995,33.428749999999994,23.915500000000005,0.039976857109841064,1.0046107888729634,1095.7910545546026,39633168.618999995,4352.4439999999995,133.45500000000004,10.981821922543569
AFG,2020-10-26,0.5,2902.3865000000005,1516.2909999999983,778.4429999999995,37.739999999999995,2.187999999999995,819112.9659999998,40163.95300000002,43.80249999999999,32.2595,0.04899636154776452,1.0048445812726068,1123.3096013417337,39633168.630000025,5390.164999999999,169.90950000000015,13.600136416849482
AFG,2020-10-26,0.75,3865.118499999999,1533.5847499999993,947.4127499999995,43.47125000000001,2.663999999999994,1007837.1860000002,40375.770000000026,58.499249999999996,43.413250000000005,0.058125389212020026,1.0051429803084664,1153.3961472873414,39633168.640999965,6661.319000000003,215.2280000000001,16.807434854221977
AFG,2020-10-26,0.95,5245.189349999996,1566.4924999999998,1226.6749000000002,53.76355000000001,3.491149999999995,1342865.6656499999,40626.199099999954,85.29334999999998,68.09300000000002,0.07317639905634414,1.005841165377321,1198.989916509842,39633168.658,8903.548849999992,302.6511500000001,22.46489279429037
AFG,2020-10-27,0.05,1209.0806000000005,1482.5366999999983,512.9269499999999,23.977449999999997,1.3036499999999966,549649.6853000005,39644.84885,22.042449999999985,14.824849999999993,0.02918003763073791,1.0042366287300306,1060.739042723485,39633168.604,2848.5868000000028,94.23045000000008,7.1873809244525235
AFG,2020-10-27,0.25,2055.595999999998,1501.8869999999986,653.2744999999995,31.638499999999997,1.7994999999999952,688693.2372499998,39970.61050000001,33.513000000000005,23.982999999999986,0.03997685713307218,1.0046107889821652,1095.791054685602,39633168.617749974,4354.259999999997,133.463,10.986403943614825
AFG,2020-10-27,0.5,2907.0019999999986,1518.512,783.7825,37.84949999999998,2.194999999999994,819960.4664999997,40202.556500000035,43.94,32.361000000000004,0.048996361535703734,1.004844581421918,1123.3096017840694,39633168.62800002,5400.0585,170.52600000000004,13.625099094865126
AFG,2020-10-27,0.75,3854.626000000001,1536.293749999999,939.2497499999995,43.869999999999976,2.6762499999999942,1008799.9825000003,40420.08125000002,58.657250000000005,43.65425000000001,0.05812538918400692,1.0051429807400756,1153.396147448316,39633168.638999954,6684.767499999998,216.04049999999995,16.866598683765176
AFG,2020-10-27,0.95,5237.6767,1569.8032000000003,1223.5301999999992,54.858899999999984,3.531149999999994,1343857.9421499998,40680.91975000002,85.6814999999999,67.95325,0.07317639908893847,1.0058411655885027,1198.9899168846841,39633168.655050024,8912.700900000002,304.80199999999996,22.48798469174216
AFG,2020-10-28,0.05,1211.1576499999994,1483.9586999999988,499.81019999999984,23.497299999999992,1.3038999999999965,550062.0251000003,39669.61110000001,22.06704999999999,14.84084999999999,0.029180037614484802,1.0042366289015063,1060.7390433681708,39633168.60295,2870.8113999999996,94.42010000000009,7.243456683365754
AFG,2020-10-28,0.25,2072.0404999999996,1503.9129999999998,651.4429999999999,31.882249999999992,1.8109999999999964,689365.4132500002,40003.17475,33.55325000000001,24.01725000000001,0.039976857121598305,1.004610789298632,1095.791054436662,39633168.618000016,4370.551749999999,133.687,11.027510296047955
AFG,2020-10-28,0.5,2914.2080000000005,1520.8419999999992,787.6579999999999,37.655000000000015,2.204499999999994,820823.038,40239.832999999984,44.050999999999966,32.415000000000006,0.04899636154424472,1.004844581321982,1123.374541604575,39633168.62899998,5419.6075,171.07200000000003,13.674423942057512
AFG,2020-10-28,0.75,3879.9714999999997,1539.1952499999993,948.137,43.958249999999985,2.6844999999999937,1009759.4834999995,40463.07125,58.89125,43.77475000000001,0.058125389190901364,1.0051429801698826,1153.3961474427956,39633168.63899998,6724.844,216.77425000000008,16.967717270484886
AFG,2020-10-28,0.95,5295.6947999999975,1572.7411499999987,1252.30375,54.243899999999954,3.5480499999999933,1344821.3989000004,40729.222450000045,85.59049999999999,68.60210000000001,0.0731763990906935,1.005841165566272,1198.989916427431,39633168.65899999,8993.796849999997,304.1984499999999,22.692601056912128
AFG,2020-10-29,0.05,1223.0043999999996,1485.2780500000003,501.79664999999983,23.811849999999996,1.3039499999999968,550495.5122000002,39696.25525,22.172499999999992,14.829949999999991,0.029180037614756345,1.0042366291521827,1060.7390425304136,39633168.604,2901.1627500000004,94.60820000000001,7.320037363117111
AFG,2020-10-29,0.25,2077.476500000001,1505.580749999999,658.8724999999997,32.03125,1.8114999999999954,690022.3969999998,40032.95000000001,33.61449999999999,24.09775000000002,0.039976857108453355,1.004610788993859,1095.791054133424,39633168.61899999,4402.25175,134.10875000000004,11.107493807319706
AFG,2020-10-29,0.5,2935.7225,1523.263499999999,794.0935000000002,38.13549999999999,2.2119999999999944,821739.1040000003,40278.499500000005,44.151499999999984,32.49650000000001,0.048996361542983244,1.0048445814606068,1123.3745406769806,39633168.62999998,5440.524000000001,171.60199999999998,13.727199182055417
AFG,2020-10-29,0.75,3895.6220000000003,1542.0729999999987,959.6555000000001,44.583499999999994,2.6899999999999937,1010759.4957500005,40508.17300000001,59.03399999999998,43.93325000000001,0.0581253891497458,1.0051429798662699,1153.3961473309027,39633168.639999986,6744.075500000001,218.0647500000001,17.016241020894572
AFG,2020-10-29,0.95,5304.129849999998,1576.0821,1243.7511,55.339950000000016,3.593999999999995,1345874.4862500003,40780.148250000006,86.96710000000004,68.82274999999998,0.07317639907173909,1.0058411655631951,1198.9899163592852,39633168.658000015,9000.320500000005,308.6839,22.709061134286262
AFG,2020-10-30,0.05,1236.7727999999997,1486.6016500000003,505.3629500000001,23.861500000000014,1.3059499999999964,551071.5246000005,39720.21055000003,22.300099999999997,14.916549999999987,0.02918003762774545,1.0042366283083062,1060.7390425193344,39633168.60400002,2909.129749999999,94.71910000000001,7.340139212857164
AFG,2020-10-30,0.25,2092.4922500000002,1507.5227499999994,660.7009999999998,31.997249999999994,1.8147499999999952,690592.0282500002,40065.54774999998,33.692750000000004,24.150249999999993,0.039976857112092375,1.004610789041675,1095.791054727042,39633168.61800001,4417.431500000001,133.9355,11.14579442935016
AFG,2020-10-30,0.5,2933.1130000000007,1525.4379999999999,788.9944999999996,38.226500000000016,2.2179999999999938,822492.4644999998,40317.0745,44.31349999999999,32.54800000000001,0.048996361534581166,1.0048445813619398,1123.3745403149214,39633168.62999997,5455.450500000002,171.96099999999996,13.764860818800512
AFG,2020-10-30,0.75,3898.741500000001,1544.8559999999984,953.8779999999994,44.3145,2.7034999999999934,1011743.2870000006,40553.25850000001,59.262750000000004,43.980000000000004,0.05812538918547343,1.0051429800295222,1153.3961469041703,39633168.64000001,6770.998500000002,219.20925,17.08417149661441
AFG,2020-10-30,0.95,5314.4148499999965,1578.9071,1258.5206499999993,56.123749999999944,3.620299999999996,1346814.7456999992,40836.60904999999,87.02389999999995,69.37690000000003,0.07317639910974612,1.0058411656362527,1198.9899161819003,39633168.65805,9072.766049999997,306.9902000000001,22.891851338656977
AFG,2020-10-31,0.05,1235.18365,1487.9706499999995,505.36399999999975,23.7368,1.3069999999999968,551717.4809499996,39744.80815000005,22.260749999999998,14.97954999999999,0.029180037599788322,1.0042366287747149,1060.7390418422617,39633168.605000004,2934.9174499999995,95.05050000000004,7.405205168556063
AFG,2020-10-31,0.25,2102.307500000001,1509.5269999999996,661.7962500000002,32.015500000000024,1.821999999999996,691177.0859999994,40101.19575,33.82174999999999,24.175749999999987,0.03997685710174813,1.0046107891792286,1095.7910544355727,39633168.61899997,4440.124999999996,134.90099999999993,11.203053287723806
AFG,2020-10-31,0.5,2948.897499999999,1527.7745000000004,796.4714999999995,38.28250000000001,2.2234999999999947,823184.5715000003,40355.60799999997,44.37399999999997,32.64750000000001,0.04899636154495114,1.0048445809782898,1123.374540771181,39633168.628499985,5467.905000000001,172.29299999999995,13.796285256052077
AFG,2020-10-31,0.75,3919.896499999999,1547.5007499999992,959.1134999999995,44.863749999999996,2.7114999999999925,1012705.6974999999,40597.847499999996,59.428000000000004,44.20575,0.05812538917883441,1.0051429801700718,1153.3961470548613,39633168.63900001,6791.6995000000015,219.47699999999998,17.136403000886492
AFG,2020-10-31,0.95,5305.632200000001,1582.3461499999987,1265.5314999999996,56.619049999999994,3.630549999999995,1347839.81025,40888.41055,87.5446,69.83295000000007,0.07317639912599296,1.0058411658932311,1198.9899165386341,39633168.656,9114.466400000005,312.1615999999999,22.997067126047668
AFG,2020-11-01,0.05,1244.17435,1489.3475499999988,511.16779999999966,23.676600000000004,1.3098499999999962,552357.4857999998,39772.39765000001,22.259299999999996,15.042649999999988,0.029180037613352958,1.0042366284639759,1060.739043046273,39633168.60494999,2945.157250000001,94.97965000000008,7.431041609002631
AFG,2020-11-01,0.25,2111.56425,1511.3204999999987,668.0407499999999,32.07175000000001,1.827499999999995,691949.8579999999,40131.920000000006,33.90599999999999,24.18599999999999,0.03997685712802019,1.0046107896256704,1095.7910546468684,39633168.61874996,4449.187749999998,135.08374999999998,11.225919867267798
AFG,2020-11-01,0.5,2962.5559999999987,1529.9470000000001,801.4614999999999,38.70450000000001,2.229999999999994,823879.0005000005,40396.0185,44.65550000000001,32.908000000000015,0.04899636156208329,1.0048445814615743,1123.3745406670548,39633168.62899998,5519.0735,172.47900000000004,13.925390502241196
AFG,2020-11-01,0.75,3930.858500000003,1550.1925,965.7469999999993,44.98024999999998,2.7184999999999935,1013763.3877500002,40642.05399999999,59.781749999999974,44.211749999999995,0.058125389181635116,1.0051429798196392,1153.396146936222,39633168.64099997,6835.718749999999,220.10125000000008,17.247469693676074
AFG,2020-11-01,0.95,5328.855100000001,1585.8435000000004,1286.6071499999994,57.04820000000003,3.6422499999999953,1348847.4754999992,40944.33524999998,87.84955,70.05290000000001,0.07317639909169309,1.0058411651511312,1198.9899166208502,39633168.65805002,9109.882850000002,312.9654,22.98550219034698
AFG,2020-11-02,0.05,1257.9098999999997,1490.7086999999992,505.49715,23.54589999999999,1.3089999999999968,553035.1767000004,39797.21975000002,22.459400000000016,15.07089999999999,0.02918003761887515,1.0042366287745566,1060.7390423431182,39633168.60599995,2970.967350000001,95.30205000000001,7.496164083005554
AFG,2020-11-02,0.25,2131.3559999999998,1513.218,668.7004999999998,32.140250000000016,1.8324999999999958,692619.7129999996,40167.215249999994,34.109500000000004,24.31325,0.039976857125977115,1.0046107888963292,1095.9363902220941,39633168.620000035,4461.918750000001,135.17374999999998,11.258041951630354
AFG,2020-11-02,0.5,2975.747,1532.0714999999989,807.1119999999999,38.51649999999999,2.236999999999994,824571.8294999996,40437.0245,44.74650000000002,33.028000000000006,0.0489963615530884,1.0048445814871756,1123.3745409767246,39633168.629999995,5521.179999999998,173.72300000000004,13.93070549454072
AFG,2020-11-02,0.75,3951.1650000000013,1553.417,965.7759999999996,45.53074999999997,2.7249999999999934,1014768.084,40688.954499999985,60.043499999999966,44.30924999999999,0.05812538919741734,1.0051429802015224,1153.3961464094025,39633168.64099998,6862.019999999998,221.39049999999995,17.313831407618846
AFG,2020-11-02,0.95,5315.801300000002,1588.7911999999985,1250.7542999999996,57.80629999999999,3.6493499999999943,1349795.123699999,40999.67474999998,88.14794999999992,69.97314999999999,0.0731763991020918,1.0058411660030535,1198.989916825811,39633168.65899999,9220.234999999999,314.68714999999986,23.263936021189785
AFG,2020-11-03,0.05,1261.6028499999986,1492.1971999999994,516.1602499999999,23.77245000000003,1.3108999999999968,553665.1913000002,39818.85270000001,22.4147,15.130049999999986,0.029180037615557458,1.0042366295181229,1060.7390428925094,39633168.60399997,2975.6895500000005,95.97404999999996,7.508078851156198
AFG,2020-11-03,0.25,2147.53025,1515.1515,669.6152499999995,32.10475000000001,1.834999999999996,693219.8622499998,40203.993,34.140750000000004,24.35975000000001,0.03997685711732219,1.0046107889967355,1095.936390031042,39633168.618999995,4487.14,135.7725000000001,11.321678675595173
AFG,2020-11-03,0.5,2994.441,1534.3160000000005,801.4535000000001,38.798,2.246999999999994,825281.5250000001,40474.98000000001,44.935500000000005,33.271,0.04899636154854678,1.0048445812456106,1123.3745406643807,39633168.62999998,5562.278999999999,174.18649999999994,14.034403991079532
AFG,2020-11-03,0.75,3958.171,1556.093999999999,972.6435000000002,45.296499999999995,2.7332499999999924,1015718.6412500002,40731.18250000002,60.42149999999998,44.51550000000002,0.05812538917175385,1.0051429797314202,1153.7023434292187,39633168.64,6891.072250000001,222.08074999999994,17.38713427784108
AFG,2020-11-03,0.95,5325.27355,1592.4633499999995,1299.3737,58.98930000000006,3.6550499999999944,1350852.1747499986,41064.90955000002,87.99904999999997,70.24459999999996,0.07317639911075924,1.0058411658307072,1198.989916632532,39633168.65605,9309.597099999997,316.6746,23.48940903714215
AFG,2020-11-04,0.05,1265.4907999999996,1493.6308499999986,512.4853500000004,23.50174999999997,1.3109499999999963,554360.3728500002,39842.06625000002,22.493250000000003,15.095099999999986,0.029180037623254267,1.0042366289678828,1060.7390426291877,39633168.604000024,3004.064250000001,96.69785000000006,7.579672168065846
AFG,2020-11-04,0.25,2159.9844999999987,1516.744,675.6434999999996,32.07975000000001,1.8407499999999966,693903.0732499997,40239.405000000006,34.32525000000001,24.42375,0.03997685711329265,1.0046107890666136,1095.9363902012835,39633168.62100001,4498.174249999999,136.10025000000002,11.349519623360619
AFG,2020-11-04,0.5,2990.8989999999994,1536.6154999999994,807.3610000000001,38.818500000000014,2.2534999999999945,825992.5585000003,40514.67049999999,45.102000000000025,33.230000000000004,0.04899636155233158,1.0048445813364981,1123.3745399741272,39633168.63099997,5576.6245,174.75049999999993,14.070599683614796
AFG,2020-11-04,0.75,3970.971500000001,1558.7552500000006,966.5019999999997,45.82650000000001,2.739499999999993,1016828.9142500005,40776.545750000034,60.30324999999995,44.65150000000001,0.058125389199448416,1.0051429797759948,1153.7023425938016,39633168.640999995,6913.3425000000025,223.91924999999998,17.443325217374216
AFG,2020-11-04,0.95,5355.692499999999,1596.1088499999987,1305.3701999999998,58.07224999999999,3.6613499999999943,1351804.0089,41128.602150000006,89.49229999999999,70.38829999999994,0.07317639907914708,1.0058411655370432,1198.9899166723676,39633168.657999955,9356.96795,317.2763,23.608932282812304
AFG,2020-11-05,0.05,1282.4378500000003,1495.068899999999,520.09885,24.186999999999983,1.3168499999999965,555002.1564499999,39864.542700000035,22.725849999999998,15.128399999999976,0.029180037607448583,1.0042366292323959,1060.739043080762,39633168.60499999,3036.8159000000005,97.02600000000004,7.662309138757292
AFG,2020-11-05,0.25,2166.6072499999996,1518.8449999999993,678.6795,32.67675000000002,1.8492499999999952,694521.2312500004,40270.16925000001,34.49725000000002,24.5555,0.039976857115714255,1.0046107893400498,1095.9363900525495,39633168.620000005,4535.9915,136.65774999999994,11.444937808255412
AFG,2020-11-05,0.5,3015.219000000001,1538.8064999999992,815.9865,39.117000000000004,2.261999999999996,826704.3659999996,40555.33400000001,45.33049999999999,33.328500000000005,0.04899636155828615,1.0048445816909481,1123.3745404348444,39633168.63099997,5621.4540000000015,175.44100000000003,14.183710750805464
AFG,2020-11-05,0.75,3996.8127500000014,1561.3820000000003,985.6542499999995,46.212499999999984,2.748249999999994,1017869.0112500002,40823.253249999994,60.5485,44.869250000000015,0.05812538918971227,1.0051429801694747,1153.7023426987253,39633168.640000015,6918.803250000003,224.32474999999994,17.457103450005654
AFG,2020-11-05,0.95,5397.997749999999,1599.7491,1284.1325999999995,59.804299999999984,3.6789999999999923,1352813.7995499992,41186.417250000006,89.61279999999988,70.49869999999999,0.07317639904762227,1.0058411655534196,1198.989916571034,39633168.65899999,9343.145299999995,321.4766500000001,23.574055812664206
AFG,2020-11-06,0.05,1285.8442999999993,1496.5021499999991,519.8484499999997,23.474599999999985,1.3145999999999964,555690.2054999998,39887.01835000004,22.745749999999994,15.19474999999999,0.02918003761352252,1.0042366294426046,1060.7390425843885,39633168.604000024,3042.5633000000007,97.26699999999997,7.676810628996558
AFG,2020-11-06,0.25,2174.004500000002,1520.7969999999984,678.4689999999999,32.56650000000002,1.8507499999999955,695378.6397499996,40304.12050000003,34.646500000000024,24.599999999999987,0.039976857108327796,1.0046107893768759,1095.9363898767378,39633168.61999998,4565.776500000003,137.61525000000003,11.520089508301355
AFG,2020-11-06,0.5,3027.8559999999993,1540.9444999999992,821.2224999999999,39.485500000000016,2.2674999999999947,827519.4610000004,40595.75,45.495999999999995,33.36200000000001,0.04899636155792014,1.0048445813340965,1123.3745404047938,39633168.63000002,5621.285000000002,176.64400000000012,14.183284340644454
AFG,2020-11-06,0.75,4002.8047499999993,1564.009249999999,977.8084999999998,46.499250000000025,2.7529999999999943,1018644.4752500004,40867.5355,60.77574999999997,45.144999999999996,0.05812538915377965,1.0051429805239795,1153.7023424063675,39633168.64099999,6963.554749999998,225.77074999999996,17.57001771187251
AFG,2020-11-06,0.95,5440.0504999999985,1603.4051499999987,1335.9988999999996,59.633949999999984,3.704049999999994,1353834.9195,41242.789150000026,90.34954999999997,70.98589999999997,0.0731763990951285,1.0058411658839548,1198.9899167480412,39633168.65799999,9454.241549999997,323.17930000000007,23.854367112511074
AFG,2020-11-07,0.05,1291.1263500000002,1497.8270999999988,518.13275,23.81364999999999,1.3147499999999963,556363.8283000003,39910.27080000001,22.830349999999992,15.188449999999992,0.02918003760979154,1.0042366290378981,1060.7390428006274,39633168.60300001,3056.351600000002,97.01715000000004,7.711600428961547
AFG,2020-11-07,0.25,2190.9265000000014,1522.5839999999994,682.7157499999998,32.291000000000004,1.8534999999999955,696082.1272499998,40336.82850000002,34.77350000000001,24.652,0.039976857101956836,1.004610788698586,1095.9363901294134,39633168.620000005,4579.07525,137.84249999999997,11.55364410527921
AFG,2020-11-07,0.5,3041.6445000000012,1543.21,816.0350000000001,39.27150000000002,2.271999999999994,828350.0514999997,40634.13099999998,45.70200000000001,33.39950000000003,0.04899636152991333,1.004844581268217,1123.374540311272,39633168.63000001,5660.478,177.05699999999996,14.28217373393493
AFG,2020-11-07,0.75,3994.7967499999995,1566.9372499999995,992.3912499999999,46.77875,2.7634999999999925,1019480.7567500005,40913.50900000001,61.1965,45.28850000000001,0.05812538917761698,1.0051429800802156,1153.7023436071254,39633168.641,6983.8635,226.07050000000012,17.621259514373737
AFG,2020-11-07,0.95,5500.595799999997,1607.0843499999994,1305.4812500000003,62.10589999999998,3.7314999999999947,1354777.9449499997,41303.66144999999,91.69745000000003,71.41899999999998,0.07317639908194257,1.0058411664029363,1198.9899172016785,39633168.66199999,9443.501849999995,323.8696000000001,23.827269352436005
AFG,2020-11-08,0.05,1293.5723500000001,1499.1085999999996,523.6090000000002,23.50194999999998,1.3078999999999963,557045.7778999998,39933.9458,22.919900000000002,15.157949999999982,0.029180037612259197,1.0042366294760798,1060.7390430687178,39633168.60494998,3053.1702999999998,97.36464999999995,7.703573565951712
AFG,2020-11-08,0.25,2198.62025,1524.6469999999988,684.3277499999996,32.98725,1.856749999999995,696729.7637499996,40369.31375000002,34.964250000000014,24.648249999999997,0.039976857114194096,1.0046107889267546,1095.9363901392396,39633168.61999996,4599.112500000002,138.43025000000006,11.60420087552416
AFG,2020-11-08,0.5,3058.0340000000006,1545.5049999999994,824.6464999999998,39.573000000000015,2.284999999999994,829486.3385000003,40674.28700000001,45.788500000000006,33.55000000000001,0.04899636153736929,1.0048445813834503,1123.3745400884839,39633168.62999996,5683.361999999998,178.12749999999994,14.339913250584841
AFG,2020-11-08,0.75,4005.6712499999994,1569.6289999999985,990.2282499999997,46.91274999999999,2.7714999999999934,1020446.5830000006,40960.370500000005,61.3935,45.49075000000001,0.05812538918076461,1.0051429798206166,1153.7023438687083,39633168.64099999,7008.033750000002,227.2645,17.682244418757588
AFG,2020-11-08,0.95,5532.261499999997,1610.5579499999988,1330.21965,60.22329999999997,3.778099999999993,1355808.664250001,41365.64864999999,92.44025000000003,71.29814999999998,0.07317639908811235,1.0058411651693175,1198.9899167755652,39633168.65899997,9475.598949999998,325.65400000000017,23.90825480427052
